[2026-08-20 04:11:31] production.ERROR: SQLSTATE[42000]: Syntax error or access violation: 1071 Specified key was too long; max key length is 1000 bytes (Connection: mysql, Host: localhost, Port: 3306, Database: shouziqi_osa, SQL: alter table `personal_access_tokens` add index `personal_access_tokens_tokenable_type_tokenable_id_index`(`tokenable_type`, `tokenable_id`)) {"exception":"[object] (Illuminate\\Database\\QueryException(code: 42000): SQLSTATE[42000]: Syntax error or access violation: 1071 Specified key was too long; max key length is 1000 bytes (Connection: mysql, Host: localhost, Port: 3306, Database: shouziqi_osa, SQL: alter table `personal_access_tokens` add index `personal_access_tokens_tokenable_type_tokenable_id_index`(`tokenable_type`, `tokenable_id`)) at /home/shouziqi/osa-management/public/osa-final-v1.1/osa-final/backend/vendor/laravel/framework/src/Illuminate/Database/Connection.php:838)
[stacktrace]
#0 /home/shouziqi/osa-management/public/osa-final-v1.1/osa-final/backend/vendor/laravel/framework/src/Illuminate/Database/Connection.php(794): Illuminate\\Database\\Connection->runQueryCallback()
#1 /home/shouziqi/osa-management/public/osa-final-v1.1/osa-final/backend/vendor/laravel/framework/src/Illuminate/Database/Connection.php(573): Illuminate\\Database\\Connection->run()
#2 /home/shouziqi/osa-management/public/osa-final-v1.1/osa-final/backend/vendor/laravel/framework/src/Illuminate/Database/Schema/Blueprint.php(121): Illuminate\\Database\\Connection->statement()
#3 /home/shouziqi/osa-management/public/osa-final-v1.1/osa-final/backend/vendor/laravel/framework/src/Illuminate/Database/Schema/Builder.php(686): Illuminate\\Database\\Schema\\Blueprint->build()
#4 /home/shouziqi/osa-management/public/osa-final-v1.1/osa-final/backend/vendor/laravel/framework/src/Illuminate/Database/Schema/Builder.php(506): Illuminate\\Database\\Schema\\Builder->build()
#5 /home/shouziqi/osa-management/public/osa-final-v1.1/osa-final/backend/vendor/laravel/framework/src/Illuminate/Support/Facades/Facade.php(363): Illuminate\\Database\\Schema\\Builder->create()
#6 /home/shouziqi/osa-management/public/osa-final-v1.1/osa-final/backend/database/migrations/2026_08_19_000001_create_personal_access_tokens_table.php(3): Illuminate\\Support\\Facades\\Facade::__callStatic()
#7 /home/shouziqi/osa-management/public/osa-final-v1.1/osa-final/backend/vendor/laravel/framework/src/Illuminate/Database/Migrations/Migrator.php(517): Illuminate\\Database\\Migrations\\Migration@anonymous->up()
#8 /home/shouziqi/osa-management/public/osa-final-v1.1/osa-final/backend/vendor/laravel/framework/src/Illuminate/Database/Migrations/Migrator.php(442): Illuminate\\Database\\Migrations\\Migrator->runMethod()
#9 /home/shouziqi/osa-management/public/osa-final-v1.1/osa-final/backend/vendor/laravel/framework/src/Illuminate/Database/Migrations/Migrator.php(451): Illuminate\\Database\\Migrations\\Migrator->Illuminate\\Database\\Migrations\\{closure}()
#10 /home/shouziqi/osa-management/public/osa-final-v1.1/osa-final/backend/vendor/laravel/framework/src/Illuminate/Database/Migrations/Migrator.php(253): Illuminate\\Database\\Migrations\\Migrator->runMigration()
#11 /home/shouziqi/osa-management/public/osa-final-v1.1/osa-final/backend/vendor/laravel/framework/src/Illuminate/Console/View/Components/Task.php(41): Illuminate\\Database\\Migrations\\Migrator->Illuminate\\Database\\Migrations\\{closure}()
#12 /home/shouziqi/osa-management/public/osa-final-v1.1/osa-final/backend/vendor/laravel/framework/src/Illuminate/Database/Migrations/Migrator.php(814): Illuminate\\Console\\View\\Components\\Task->render()
#13 /home/shouziqi/osa-management/public/osa-final-v1.1/osa-final/backend/vendor/laravel/framework/src/Illuminate/Database/Migrations/Migrator.php(253): Illuminate\\Database\\Migrations\\Migrator->write()
#14 /home/shouziqi/osa-management/public/osa-final-v1.1/osa-final/backend/vendor/laravel/framework/src/Illuminate/Database/Migrations/Migrator.php(211): Illuminate\\Database\\Migrations\\Migrator->runUp()
#15 /home/shouziqi/osa-management/public/osa-final-v1.1/osa-final/backend/vendor/laravel/framework/src/Illuminate/Database/Migrations/Migrator.php(138): Illuminate\\Database\\Migrations\\Migrator->runPending()
#16 /home/shouziqi/osa-management/public/osa-final-v1.1/osa-final/backend/vendor/laravel/framework/src/Illuminate/Database/Console/Migrations/MigrateCommand.php(116): Illuminate\\Database\\Migrations\\Migrator->run()
#17 /home/shouziqi/osa-management/public/osa-final-v1.1/osa-final/backend/vendor/laravel/framework/src/Illuminate/Database/Migrations/Migrator.php(671): Illuminate\\Database\\Console\\Migrations\\MigrateCommand->Illuminate\\Database\\Console\\Migrations\\{closure}()
#18 /home/shouziqi/osa-management/public/osa-final-v1.1/osa-final/backend/vendor/laravel/framework/src/Illuminate/Database/Console/Migrations/MigrateCommand.php(109): Illuminate\\Database\\Migrations\\Migrator->usingConnection()
#19 /home/shouziqi/osa-management/public/osa-final-v1.1/osa-final/backend/vendor/laravel/framework/src/Illuminate/Database/Console/Migrations/MigrateCommand.php(88): Illuminate\\Database\\Console\\Migrations\\MigrateCommand->runMigrations()
#20 /home/shouziqi/osa-management/public/osa-final-v1.1/osa-final/backend/vendor/laravel/framework/src/Illuminate/Container/BoundMethod.php(36): Illuminate\\Database\\Console\\Migrations\\MigrateCommand->handle()
#21 /home/shouziqi/osa-management/public/osa-final-v1.1/osa-final/backend/vendor/laravel/framework/src/Illuminate/Container/Util.php(43): Illuminate\\Container\\BoundMethod::Illuminate\\Container\\{closure}()
#22 /home/shouziqi/osa-management/public/osa-final-v1.1/osa-final/backend/vendor/laravel/framework/src/Illuminate/Container/BoundMethod.php(96): Illuminate\\Container\\Util::unwrapIfClosure()
#23 /home/shouziqi/osa-management/public/osa-final-v1.1/osa-final/backend/vendor/laravel/framework/src/Illuminate/Container/BoundMethod.php(35): Illuminate\\Container\\BoundMethod::callBoundMethod()
#24 /home/shouziqi/osa-management/public/osa-final-v1.1/osa-final/backend/vendor/laravel/framework/src/Illuminate/Container/Container.php(799): Illuminate\\Container\\BoundMethod::call()
#25 /home/shouziqi/osa-management/public/osa-final-v1.1/osa-final/backend/vendor/laravel/framework/src/Illuminate/Console/Command.php(211): Illuminate\\Container\\Container->call()
#26 /home/shouziqi/osa-management/public/osa-final-v1.1/osa-final/backend/vendor/symfony/console/Command/Command.php(341): Illuminate\\Console\\Command->execute()
#27 /home/shouziqi/osa-management/public/osa-final-v1.1/osa-final/backend/vendor/laravel/framework/src/Illuminate/Console/Command.php(180): Symfony\\Component\\Console\\Command\\Command->run()
#28 /home/shouziqi/osa-management/public/osa-final-v1.1/osa-final/backend/vendor/symfony/console/Application.php(1117): Illuminate\\Console\\Command->run()
#29 /home/shouziqi/osa-management/public/osa-final-v1.1/osa-final/backend/vendor/symfony/console/Application.php(356): Symfony\\Component\\Console\\Application->doRunCommand()
#30 /home/shouziqi/osa-management/public/osa-final-v1.1/osa-final/backend/vendor/symfony/console/Application.php(195): Symfony\\Component\\Console\\Application->doRun()
#31 /home/shouziqi/osa-management/public/osa-final-v1.1/osa-final/backend/vendor/laravel/framework/src/Illuminate/Foundation/Console/Kernel.php(198): Symfony\\Component\\Console\\Application->run()
#32 /home/shouziqi/osa-management/public/osa-final-v1.1/osa-final/backend/vendor/laravel/framework/src/Illuminate/Foundation/Application.php(1235): Illuminate\\Foundation\\Console\\Kernel->handle()
#33 /home/shouziqi/osa-management/public/osa-final-v1.1/osa-final/backend/artisan(5): Illuminate\\Foundation\\Application->handleCommand()
#34 {main}

[previous exception] [object] (PDOException(code: 42000): SQLSTATE[42000]: Syntax error or access violation: 1071 Specified key was too long; max key length is 1000 bytes at /home/shouziqi/osa-management/public/osa-final-v1.1/osa-final/backend/vendor/laravel/framework/src/Illuminate/Database/Connection.php:584)
[stacktrace]
#0 /home/shouziqi/osa-management/public/osa-final-v1.1/osa-final/backend/vendor/laravel/framework/src/Illuminate/Database/Connection.php(584): PDOStatement->execute()
#1 /home/shouziqi/osa-management/public/osa-final-v1.1/osa-final/backend/vendor/laravel/framework/src/Illuminate/Database/Connection.php(827): Illuminate\\Database\\Connection->Illuminate\\Database\\{closure}()
#2 /home/shouziqi/osa-management/public/osa-final-v1.1/osa-final/backend/vendor/laravel/framework/src/Illuminate/Database/Connection.php(794): Illuminate\\Database\\Connection->runQueryCallback()
#3 /home/shouziqi/osa-management/public/osa-final-v1.1/osa-final/backend/vendor/laravel/framework/src/Illuminate/Database/Connection.php(573): Illuminate\\Database\\Connection->run()
#4 /home/shouziqi/osa-management/public/osa-final-v1.1/osa-final/backend/vendor/laravel/framework/src/Illuminate/Database/Schema/Blueprint.php(121): Illuminate\\Database\\Connection->statement()
#5 /home/shouziqi/osa-management/public/osa-final-v1.1/osa-final/backend/vendor/laravel/framework/src/Illuminate/Database/Schema/Builder.php(686): Illuminate\\Database\\Schema\\Blueprint->build()
#6 /home/shouziqi/osa-management/public/osa-final-v1.1/osa-final/backend/vendor/laravel/framework/src/Illuminate/Database/Schema/Builder.php(506): Illuminate\\Database\\Schema\\Builder->build()
#7 /home/shouziqi/osa-management/public/osa-final-v1.1/osa-final/backend/vendor/laravel/framework/src/Illuminate/Support/Facades/Facade.php(363): Illuminate\\Database\\Schema\\Builder->create()
#8 /home/shouziqi/osa-management/public/osa-final-v1.1/osa-final/backend/database/migrations/2026_08_19_000001_create_personal_access_tokens_table.php(3): Illuminate\\Support\\Facades\\Facade::__callStatic()
#9 /home/shouziqi/osa-management/public/osa-final-v1.1/osa-final/backend/vendor/laravel/framework/src/Illuminate/Database/Migrations/Migrator.php(517): Illuminate\\Database\\Migrations\\Migration@anonymous->up()
#10 /home/shouziqi/osa-management/public/osa-final-v1.1/osa-final/backend/vendor/laravel/framework/src/Illuminate/Database/Migrations/Migrator.php(442): Illuminate\\Database\\Migrations\\Migrator->runMethod()
#11 /home/shouziqi/osa-management/public/osa-final-v1.1/osa-final/backend/vendor/laravel/framework/src/Illuminate/Database/Migrations/Migrator.php(451): Illuminate\\Database\\Migrations\\Migrator->Illuminate\\Database\\Migrations\\{closure}()
#12 /home/shouziqi/osa-management/public/osa-final-v1.1/osa-final/backend/vendor/laravel/framework/src/Illuminate/Database/Migrations/Migrator.php(253): Illuminate\\Database\\Migrations\\Migrator->runMigration()
#13 /home/shouziqi/osa-management/public/osa-final-v1.1/osa-final/backend/vendor/laravel/framework/src/Illuminate/Console/View/Components/Task.php(41): Illuminate\\Database\\Migrations\\Migrator->Illuminate\\Database\\Migrations\\{closure}()
#14 /home/shouziqi/osa-management/public/osa-final-v1.1/osa-final/backend/vendor/laravel/framework/src/Illuminate/Database/Migrations/Migrator.php(814): Illuminate\\Console\\View\\Components\\Task->render()
#15 /home/shouziqi/osa-management/public/osa-final-v1.1/osa-final/backend/vendor/laravel/framework/src/Illuminate/Database/Migrations/Migrator.php(253): Illuminate\\Database\\Migrations\\Migrator->write()
#16 /home/shouziqi/osa-management/public/osa-final-v1.1/osa-final/backend/vendor/laravel/framework/src/Illuminate/Database/Migrations/Migrator.php(211): Illuminate\\Database\\Migrations\\Migrator->runUp()
#17 /home/shouziqi/osa-management/public/osa-final-v1.1/osa-final/backend/vendor/laravel/framework/src/Illuminate/Database/Migrations/Migrator.php(138): Illuminate\\Database\\Migrations\\Migrator->runPending()
#18 /home/shouziqi/osa-management/public/osa-final-v1.1/osa-final/backend/vendor/laravel/framework/src/Illuminate/Database/Console/Migrations/MigrateCommand.php(116): Illuminate\\Database\\Migrations\\Migrator->run()
#19 /home/shouziqi/osa-management/public/osa-final-v1.1/osa-final/backend/vendor/laravel/framework/src/Illuminate/Database/Migrations/Migrator.php(671): Illuminate\\Database\\Console\\Migrations\\MigrateCommand->Illuminate\\Database\\Console\\Migrations\\{closure}()
#20 /home/shouziqi/osa-management/public/osa-final-v1.1/osa-final/backend/vendor/laravel/framework/src/Illuminate/Database/Console/Migrations/MigrateCommand.php(109): Illuminate\\Database\\Migrations\\Migrator->usingConnection()
#21 /home/shouziqi/osa-management/public/osa-final-v1.1/osa-final/backend/vendor/laravel/framework/src/Illuminate/Database/Console/Migrations/MigrateCommand.php(88): Illuminate\\Database\\Console\\Migrations\\MigrateCommand->runMigrations()
#22 /home/shouziqi/osa-management/public/osa-final-v1.1/osa-final/backend/vendor/laravel/framework/src/Illuminate/Container/BoundMethod.php(36): Illuminate\\Database\\Console\\Migrations\\MigrateCommand->handle()
#23 /home/shouziqi/osa-management/public/osa-final-v1.1/osa-final/backend/vendor/laravel/framework/src/Illuminate/Container/Util.php(43): Illuminate\\Container\\BoundMethod::Illuminate\\Container\\{closure}()
#24 /home/shouziqi/osa-management/public/osa-final-v1.1/osa-final/backend/vendor/laravel/framework/src/Illuminate/Container/BoundMethod.php(96): Illuminate\\Container\\Util::unwrapIfClosure()
#25 /home/shouziqi/osa-management/public/osa-final-v1.1/osa-final/backend/vendor/laravel/framework/src/Illuminate/Container/BoundMethod.php(35): Illuminate\\Container\\BoundMethod::callBoundMethod()
#26 /home/shouziqi/osa-management/public/osa-final-v1.1/osa-final/backend/vendor/laravel/framework/src/Illuminate/Container/Container.php(799): Illuminate\\Container\\BoundMethod::call()
#27 /home/shouziqi/osa-management/public/osa-final-v1.1/osa-final/backend/vendor/laravel/framework/src/Illuminate/Console/Command.php(211): Illuminate\\Container\\Container->call()
#28 /home/shouziqi/osa-management/public/osa-final-v1.1/osa-final/backend/vendor/symfony/console/Command/Command.php(341): Illuminate\\Console\\Command->execute()
#29 /home/shouziqi/osa-management/public/osa-final-v1.1/osa-final/backend/vendor/laravel/framework/src/Illuminate/Console/Command.php(180): Symfony\\Component\\Console\\Command\\Command->run()
#30 /home/shouziqi/osa-management/public/osa-final-v1.1/osa-final/backend/vendor/symfony/console/Application.php(1117): Illuminate\\Console\\Command->run()
#31 /home/shouziqi/osa-management/public/osa-final-v1.1/osa-final/backend/vendor/symfony/console/Application.php(356): Symfony\\Component\\Console\\Application->doRunCommand()
#32 /home/shouziqi/osa-management/public/osa-final-v1.1/osa-final/backend/vendor/symfony/console/Application.php(195): Symfony\\Component\\Console\\Application->doRun()
#33 /home/shouziqi/osa-management/public/osa-final-v1.1/osa-final/backend/vendor/laravel/framework/src/Illuminate/Foundation/Console/Kernel.php(198): Symfony\\Component\\Console\\Application->run()
#34 /home/shouziqi/osa-management/public/osa-final-v1.1/osa-final/backend/vendor/laravel/framework/src/Illuminate/Foundation/Application.php(1235): Illuminate\\Foundation\\Console\\Kernel->handle()
#35 /home/shouziqi/osa-management/public/osa-final-v1.1/osa-final/backend/artisan(5): Illuminate\\Foundation\\Application->handleCommand()
#36 {main}
"} 
[2026-08-20 04:27:07] production.ERROR: SQLSTATE[42S01]: Base table or view already exists: 1050 Table 'personal_access_tokens' already exists (Connection: mysql, Host: localhost, Port: 3306, Database: shouziqi_osa, SQL: create table `personal_access_tokens` (`id` bigint unsigned not null auto_increment primary key, `tokenable_type` varchar(191) not null, `tokenable_id` bigint unsigned not null, `name` text not null, `token` varchar(64) not null, `abilities` text null, `last_used_at` timestamp null, `expires_at` timestamp null, `created_at` timestamp null, `updated_at` timestamp null) default character set utf8mb4 collate 'utf8mb4_unicode_ci') {"exception":"[object] (Illuminate\\Database\\QueryException(code: 42S01): SQLSTATE[42S01]: Base table or view already exists: 1050 Table 'personal_access_tokens' already exists (Connection: mysql, Host: localhost, Port: 3306, Database: shouziqi_osa, SQL: create table `personal_access_tokens` (`id` bigint unsigned not null auto_increment primary key, `tokenable_type` varchar(191) not null, `tokenable_id` bigint unsigned not null, `name` text not null, `token` varchar(64) not null, `abilities` text null, `last_used_at` timestamp null, `expires_at` timestamp null, `created_at` timestamp null, `updated_at` timestamp null) default character set utf8mb4 collate 'utf8mb4_unicode_ci') at /home/shouziqi/osa-management/public/osa-final-v1.1/osa-final/backend/vendor/laravel/framework/src/Illuminate/Database/Connection.php:838)
[stacktrace]
#0 /home/shouziqi/osa-management/public/osa-final-v1.1/osa-final/backend/vendor/laravel/framework/src/Illuminate/Database/Connection.php(794): Illuminate\\Database\\Connection->runQueryCallback()
#1 /home/shouziqi/osa-management/public/osa-final-v1.1/osa-final/backend/vendor/laravel/framework/src/Illuminate/Database/Connection.php(573): Illuminate\\Database\\Connection->run()
#2 /home/shouziqi/osa-management/public/osa-final-v1.1/osa-final/backend/vendor/laravel/framework/src/Illuminate/Database/Schema/Blueprint.php(121): Illuminate\\Database\\Connection->statement()
#3 /home/shouziqi/osa-management/public/osa-final-v1.1/osa-final/backend/vendor/laravel/framework/src/Illuminate/Database/Schema/Builder.php(686): Illuminate\\Database\\Schema\\Blueprint->build()
#4 /home/shouziqi/osa-management/public/osa-final-v1.1/osa-final/backend/vendor/laravel/framework/src/Illuminate/Database/Schema/Builder.php(506): Illuminate\\Database\\Schema\\Builder->build()
#5 /home/shouziqi/osa-management/public/osa-final-v1.1/osa-final/backend/vendor/laravel/framework/src/Illuminate/Support/Facades/Facade.php(363): Illuminate\\Database\\Schema\\Builder->create()
#6 /home/shouziqi/osa-management/public/osa-final-v1.1/osa-final/backend/database/migrations/2026_08_19_000001_create_personal_access_tokens_table.php(11): Illuminate\\Support\\Facades\\Facade::__callStatic()
#7 /home/shouziqi/osa-management/public/osa-final-v1.1/osa-final/backend/vendor/laravel/framework/src/Illuminate/Database/Migrations/Migrator.php(517): Illuminate\\Database\\Migrations\\Migration@anonymous->up()
#8 /home/shouziqi/osa-management/public/osa-final-v1.1/osa-final/backend/vendor/laravel/framework/src/Illuminate/Database/Migrations/Migrator.php(442): Illuminate\\Database\\Migrations\\Migrator->runMethod()
#9 /home/shouziqi/osa-management/public/osa-final-v1.1/osa-final/backend/vendor/laravel/framework/src/Illuminate/Database/Migrations/Migrator.php(451): Illuminate\\Database\\Migrations\\Migrator->Illuminate\\Database\\Migrations\\{closure}()
#10 /home/shouziqi/osa-management/public/osa-final-v1.1/osa-final/backend/vendor/laravel/framework/src/Illuminate/Database/Migrations/Migrator.php(253): Illuminate\\Database\\Migrations\\Migrator->runMigration()
#11 /home/shouziqi/osa-management/public/osa-final-v1.1/osa-final/backend/vendor/laravel/framework/src/Illuminate/Console/View/Components/Task.php(41): Illuminate\\Database\\Migrations\\Migrator->Illuminate\\Database\\Migrations\\{closure}()
#12 /home/shouziqi/osa-management/public/osa-final-v1.1/osa-final/backend/vendor/laravel/framework/src/Illuminate/Database/Migrations/Migrator.php(814): Illuminate\\Console\\View\\Components\\Task->render()
#13 /home/shouziqi/osa-management/public/osa-final-v1.1/osa-final/backend/vendor/laravel/framework/src/Illuminate/Database/Migrations/Migrator.php(253): Illuminate\\Database\\Migrations\\Migrator->write()
#14 /home/shouziqi/osa-management/public/osa-final-v1.1/osa-final/backend/vendor/laravel/framework/src/Illuminate/Database/Migrations/Migrator.php(211): Illuminate\\Database\\Migrations\\Migrator->runUp()
#15 /home/shouziqi/osa-management/public/osa-final-v1.1/osa-final/backend/vendor/laravel/framework/src/Illuminate/Database/Migrations/Migrator.php(138): Illuminate\\Database\\Migrations\\Migrator->runPending()
#16 /home/shouziqi/osa-management/public/osa-final-v1.1/osa-final/backend/vendor/laravel/framework/src/Illuminate/Database/Console/Migrations/MigrateCommand.php(116): Illuminate\\Database\\Migrations\\Migrator->run()
#17 /home/shouziqi/osa-management/public/osa-final-v1.1/osa-final/backend/vendor/laravel/framework/src/Illuminate/Database/Migrations/Migrator.php(671): Illuminate\\Database\\Console\\Migrations\\MigrateCommand->Illuminate\\Database\\Console\\Migrations\\{closure}()
#18 /home/shouziqi/osa-management/public/osa-final-v1.1/osa-final/backend/vendor/laravel/framework/src/Illuminate/Database/Console/Migrations/MigrateCommand.php(109): Illuminate\\Database\\Migrations\\Migrator->usingConnection()
#19 /home/shouziqi/osa-management/public/osa-final-v1.1/osa-final/backend/vendor/laravel/framework/src/Illuminate/Database/Console/Migrations/MigrateCommand.php(88): Illuminate\\Database\\Console\\Migrations\\MigrateCommand->runMigrations()
#20 /home/shouziqi/osa-management/public/osa-final-v1.1/osa-final/backend/vendor/laravel/framework/src/Illuminate/Container/BoundMethod.php(36): Illuminate\\Database\\Console\\Migrations\\MigrateCommand->handle()
#21 /home/shouziqi/osa-management/public/osa-final-v1.1/osa-final/backend/vendor/laravel/framework/src/Illuminate/Container/Util.php(43): Illuminate\\Container\\BoundMethod::Illuminate\\Container\\{closure}()
#22 /home/shouziqi/osa-management/public/osa-final-v1.1/osa-final/backend/vendor/laravel/framework/src/Illuminate/Container/BoundMethod.php(96): Illuminate\\Container\\Util::unwrapIfClosure()
#23 /home/shouziqi/osa-management/public/osa-final-v1.1/osa-final/backend/vendor/laravel/framework/src/Illuminate/Container/BoundMethod.php(35): Illuminate\\Container\\BoundMethod::callBoundMethod()
#24 /home/shouziqi/osa-management/public/osa-final-v1.1/osa-final/backend/vendor/laravel/framework/src/Illuminate/Container/Container.php(799): Illuminate\\Container\\BoundMethod::call()
#25 /home/shouziqi/osa-management/public/osa-final-v1.1/osa-final/backend/vendor/laravel/framework/src/Illuminate/Console/Command.php(211): Illuminate\\Container\\Container->call()
#26 /home/shouziqi/osa-management/public/osa-final-v1.1/osa-final/backend/vendor/symfony/console/Command/Command.php(341): Illuminate\\Console\\Command->execute()
#27 /home/shouziqi/osa-management/public/osa-final-v1.1/osa-final/backend/vendor/laravel/framework/src/Illuminate/Console/Command.php(180): Symfony\\Component\\Console\\Command\\Command->run()
#28 /home/shouziqi/osa-management/public/osa-final-v1.1/osa-final/backend/vendor/symfony/console/Application.php(1117): Illuminate\\Console\\Command->run()
#29 /home/shouziqi/osa-management/public/osa-final-v1.1/osa-final/backend/vendor/symfony/console/Application.php(356): Symfony\\Component\\Console\\Application->doRunCommand()
#30 /home/shouziqi/osa-management/public/osa-final-v1.1/osa-final/backend/vendor/symfony/console/Application.php(195): Symfony\\Component\\Console\\Application->doRun()
#31 /home/shouziqi/osa-management/public/osa-final-v1.1/osa-final/backend/vendor/laravel/framework/src/Illuminate/Foundation/Console/Kernel.php(198): Symfony\\Component\\Console\\Application->run()
#32 /home/shouziqi/osa-management/public/osa-final-v1.1/osa-final/backend/vendor/laravel/framework/src/Illuminate/Foundation/Application.php(1235): Illuminate\\Foundation\\Console\\Kernel->handle()
#33 /home/shouziqi/osa-management/public/osa-final-v1.1/osa-final/backend/artisan(5): Illuminate\\Foundation\\Application->handleCommand()
#34 {main}

[previous exception] [object] (PDOException(code: 42S01): SQLSTATE[42S01]: Base table or view already exists: 1050 Table 'personal_access_tokens' already exists at /home/shouziqi/osa-management/public/osa-final-v1.1/osa-final/backend/vendor/laravel/framework/src/Illuminate/Database/Connection.php:584)
[stacktrace]
#0 /home/shouziqi/osa-management/public/osa-final-v1.1/osa-final/backend/vendor/laravel/framework/src/Illuminate/Database/Connection.php(584): PDOStatement->execute()
#1 /home/shouziqi/osa-management/public/osa-final-v1.1/osa-final/backend/vendor/laravel/framework/src/Illuminate/Database/Connection.php(827): Illuminate\\Database\\Connection->Illuminate\\Database\\{closure}()
#2 /home/shouziqi/osa-management/public/osa-final-v1.1/osa-final/backend/vendor/laravel/framework/src/Illuminate/Database/Connection.php(794): Illuminate\\Database\\Connection->runQueryCallback()
#3 /home/shouziqi/osa-management/public/osa-final-v1.1/osa-final/backend/vendor/laravel/framework/src/Illuminate/Database/Connection.php(573): Illuminate\\Database\\Connection->run()
#4 /home/shouziqi/osa-management/public/osa-final-v1.1/osa-final/backend/vendor/laravel/framework/src/Illuminate/Database/Schema/Blueprint.php(121): Illuminate\\Database\\Connection->statement()
#5 /home/shouziqi/osa-management/public/osa-final-v1.1/osa-final/backend/vendor/laravel/framework/src/Illuminate/Database/Schema/Builder.php(686): Illuminate\\Database\\Schema\\Blueprint->build()
#6 /home/shouziqi/osa-management/public/osa-final-v1.1/osa-final/backend/vendor/laravel/framework/src/Illuminate/Database/Schema/Builder.php(506): Illuminate\\Database\\Schema\\Builder->build()
#7 /home/shouziqi/osa-management/public/osa-final-v1.1/osa-final/backend/vendor/laravel/framework/src/Illuminate/Support/Facades/Facade.php(363): Illuminate\\Database\\Schema\\Builder->create()
#8 /home/shouziqi/osa-management/public/osa-final-v1.1/osa-final/backend/database/migrations/2026_08_19_000001_create_personal_access_tokens_table.php(11): Illuminate\\Support\\Facades\\Facade::__callStatic()
#9 /home/shouziqi/osa-management/public/osa-final-v1.1/osa-final/backend/vendor/laravel/framework/src/Illuminate/Database/Migrations/Migrator.php(517): Illuminate\\Database\\Migrations\\Migration@anonymous->up()
#10 /home/shouziqi/osa-management/public/osa-final-v1.1/osa-final/backend/vendor/laravel/framework/src/Illuminate/Database/Migrations/Migrator.php(442): Illuminate\\Database\\Migrations\\Migrator->runMethod()
#11 /home/shouziqi/osa-management/public/osa-final-v1.1/osa-final/backend/vendor/laravel/framework/src/Illuminate/Database/Migrations/Migrator.php(451): Illuminate\\Database\\Migrations\\Migrator->Illuminate\\Database\\Migrations\\{closure}()
#12 /home/shouziqi/osa-management/public/osa-final-v1.1/osa-final/backend/vendor/laravel/framework/src/Illuminate/Database/Migrations/Migrator.php(253): Illuminate\\Database\\Migrations\\Migrator->runMigration()
#13 /home/shouziqi/osa-management/public/osa-final-v1.1/osa-final/backend/vendor/laravel/framework/src/Illuminate/Console/View/Components/Task.php(41): Illuminate\\Database\\Migrations\\Migrator->Illuminate\\Database\\Migrations\\{closure}()
#14 /home/shouziqi/osa-management/public/osa-final-v1.1/osa-final/backend/vendor/laravel/framework/src/Illuminate/Database/Migrations/Migrator.php(814): Illuminate\\Console\\View\\Components\\Task->render()
#15 /home/shouziqi/osa-management/public/osa-final-v1.1/osa-final/backend/vendor/laravel/framework/src/Illuminate/Database/Migrations/Migrator.php(253): Illuminate\\Database\\Migrations\\Migrator->write()
#16 /home/shouziqi/osa-management/public/osa-final-v1.1/osa-final/backend/vendor/laravel/framework/src/Illuminate/Database/Migrations/Migrator.php(211): Illuminate\\Database\\Migrations\\Migrator->runUp()
#17 /home/shouziqi/osa-management/public/osa-final-v1.1/osa-final/backend/vendor/laravel/framework/src/Illuminate/Database/Migrations/Migrator.php(138): Illuminate\\Database\\Migrations\\Migrator->runPending()
#18 /home/shouziqi/osa-management/public/osa-final-v1.1/osa-final/backend/vendor/laravel/framework/src/Illuminate/Database/Console/Migrations/MigrateCommand.php(116): Illuminate\\Database\\Migrations\\Migrator->run()
#19 /home/shouziqi/osa-management/public/osa-final-v1.1/osa-final/backend/vendor/laravel/framework/src/Illuminate/Database/Migrations/Migrator.php(671): Illuminate\\Database\\Console\\Migrations\\MigrateCommand->Illuminate\\Database\\Console\\Migrations\\{closure}()
#20 /home/shouziqi/osa-management/public/osa-final-v1.1/osa-final/backend/vendor/laravel/framework/src/Illuminate/Database/Console/Migrations/MigrateCommand.php(109): Illuminate\\Database\\Migrations\\Migrator->usingConnection()
#21 /home/shouziqi/osa-management/public/osa-final-v1.1/osa-final/backend/vendor/laravel/framework/src/Illuminate/Database/Console/Migrations/MigrateCommand.php(88): Illuminate\\Database\\Console\\Migrations\\MigrateCommand->runMigrations()
#22 /home/shouziqi/osa-management/public/osa-final-v1.1/osa-final/backend/vendor/laravel/framework/src/Illuminate/Container/BoundMethod.php(36): Illuminate\\Database\\Console\\Migrations\\MigrateCommand->handle()
#23 /home/shouziqi/osa-management/public/osa-final-v1.1/osa-final/backend/vendor/laravel/framework/src/Illuminate/Container/Util.php(43): Illuminate\\Container\\BoundMethod::Illuminate\\Container\\{closure}()
#24 /home/shouziqi/osa-management/public/osa-final-v1.1/osa-final/backend/vendor/laravel/framework/src/Illuminate/Container/BoundMethod.php(96): Illuminate\\Container\\Util::unwrapIfClosure()
#25 /home/shouziqi/osa-management/public/osa-final-v1.1/osa-final/backend/vendor/laravel/framework/src/Illuminate/Container/BoundMethod.php(35): Illuminate\\Container\\BoundMethod::callBoundMethod()
#26 /home/shouziqi/osa-management/public/osa-final-v1.1/osa-final/backend/vendor/laravel/framework/src/Illuminate/Container/Container.php(799): Illuminate\\Container\\BoundMethod::call()
#27 /home/shouziqi/osa-management/public/osa-final-v1.1/osa-final/backend/vendor/laravel/framework/src/Illuminate/Console/Command.php(211): Illuminate\\Container\\Container->call()
#28 /home/shouziqi/osa-management/public/osa-final-v1.1/osa-final/backend/vendor/symfony/console/Command/Command.php(341): Illuminate\\Console\\Command->execute()
#29 /home/shouziqi/osa-management/public/osa-final-v1.1/osa-final/backend/vendor/laravel/framework/src/Illuminate/Console/Command.php(180): Symfony\\Component\\Console\\Command\\Command->run()
#30 /home/shouziqi/osa-management/public/osa-final-v1.1/osa-final/backend/vendor/symfony/console/Application.php(1117): Illuminate\\Console\\Command->run()
#31 /home/shouziqi/osa-management/public/osa-final-v1.1/osa-final/backend/vendor/symfony/console/Application.php(356): Symfony\\Component\\Console\\Application->doRunCommand()
#32 /home/shouziqi/osa-management/public/osa-final-v1.1/osa-final/backend/vendor/symfony/console/Application.php(195): Symfony\\Component\\Console\\Application->doRun()
#33 /home/shouziqi/osa-management/public/osa-final-v1.1/osa-final/backend/vendor/laravel/framework/src/Illuminate/Foundation/Console/Kernel.php(198): Symfony\\Component\\Console\\Application->run()
#34 /home/shouziqi/osa-management/public/osa-final-v1.1/osa-final/backend/vendor/laravel/framework/src/Illuminate/Foundation/Application.php(1235): Illuminate\\Foundation\\Console\\Kernel->handle()
#35 /home/shouziqi/osa-management/public/osa-final-v1.1/osa-final/backend/artisan(5): Illuminate\\Foundation\\Application->handleCommand()
#36 {main}
"} 
[2026-08-20 04:27:58] production.ERROR: Command "tinker" is not defined. {"exception":"[object] (Symfony\\Component\\Console\\Exception\\CommandNotFoundException(code: 0): Command \"tinker\" is not defined. at /home/shouziqi/osa-management/public/osa-final-v1.1/osa-final/backend/vendor/symfony/console/Application.php:759)
[stacktrace]
#0 /home/shouziqi/osa-management/public/osa-final-v1.1/osa-final/backend/vendor/symfony/console/Application.php(298): Symfony\\Component\\Console\\Application->find()
#1 /home/shouziqi/osa-management/public/osa-final-v1.1/osa-final/backend/vendor/symfony/console/Application.php(195): Symfony\\Component\\Console\\Application->doRun()
#2 /home/shouziqi/osa-management/public/osa-final-v1.1/osa-final/backend/vendor/laravel/framework/src/Illuminate/Foundation/Console/Kernel.php(198): Symfony\\Component\\Console\\Application->run()
#3 /home/shouziqi/osa-management/public/osa-final-v1.1/osa-final/backend/vendor/laravel/framework/src/Illuminate/Foundation/Application.php(1235): Illuminate\\Foundation\\Console\\Kernel->handle()
#4 /home/shouziqi/osa-management/public/osa-final-v1.1/osa-final/backend/artisan(5): Illuminate\\Foundation\\Application->handleCommand()
#5 {main}
"} 
[2026-08-20 04:55:38] production.ERROR: SQLSTATE[42S02]: Base table or view not found: 1146 Table 'shouziqi_osa.cache' doesn't exist (Connection: mysql, Host: localhost, Port: 3306, Database: shouziqi_osa, SQL: delete from `cache`) {"exception":"[object] (Illuminate\\Database\\QueryException(code: 42S02): SQLSTATE[42S02]: Base table or view not found: 1146 Table 'shouziqi_osa.cache' doesn't exist (Connection: mysql, Host: localhost, Port: 3306, Database: shouziqi_osa, SQL: delete from `cache`) at /home/shouziqi/osa-management/public/osa-final-v1.1/osa-final/backend/vendor/laravel/framework/src/Illuminate/Database/Connection.php:838)
[stacktrace]
#0 /home/shouziqi/osa-management/public/osa-final-v1.1/osa-final/backend/vendor/laravel/framework/src/Illuminate/Database/Connection.php(794): Illuminate\\Database\\Connection->runQueryCallback()
#1 /home/shouziqi/osa-management/public/osa-final-v1.1/osa-final/backend/vendor/laravel/framework/src/Illuminate/Database/Connection.php(597): Illuminate\\Database\\Connection->run()
#2 /home/shouziqi/osa-management/public/osa-final-v1.1/osa-final/backend/vendor/laravel/framework/src/Illuminate/Database/Connection.php(561): Illuminate\\Database\\Connection->affectingStatement()
#3 /home/shouziqi/osa-management/public/osa-final-v1.1/osa-final/backend/vendor/laravel/framework/src/Illuminate/Database/Query/Builder.php(4426): Illuminate\\Database\\Connection->delete()
#4 /home/shouziqi/osa-management/public/osa-final-v1.1/osa-final/backend/vendor/laravel/framework/src/Illuminate/Cache/DatabaseStore.php(433): Illuminate\\Database\\Query\\Builder->delete()
#5 /home/shouziqi/osa-management/public/osa-final-v1.1/osa-final/backend/vendor/laravel/framework/src/Illuminate/Cache/Repository.php(979): Illuminate\\Cache\\DatabaseStore->flush()
#6 /home/shouziqi/osa-management/public/osa-final-v1.1/osa-final/backend/vendor/laravel/framework/src/Illuminate/Cache/Console/ClearCommand.php(68): Illuminate\\Cache\\Repository->__call()
#7 /home/shouziqi/osa-management/public/osa-final-v1.1/osa-final/backend/vendor/laravel/framework/src/Illuminate/Container/BoundMethod.php(36): Illuminate\\Cache\\Console\\ClearCommand->handle()
#8 /home/shouziqi/osa-management/public/osa-final-v1.1/osa-final/backend/vendor/laravel/framework/src/Illuminate/Container/Util.php(43): Illuminate\\Container\\BoundMethod::Illuminate\\Container\\{closure}()
#9 /home/shouziqi/osa-management/public/osa-final-v1.1/osa-final/backend/vendor/laravel/framework/src/Illuminate/Container/BoundMethod.php(96): Illuminate\\Container\\Util::unwrapIfClosure()
#10 /home/shouziqi/osa-management/public/osa-final-v1.1/osa-final/backend/vendor/laravel/framework/src/Illuminate/Container/BoundMethod.php(35): Illuminate\\Container\\BoundMethod::callBoundMethod()
#11 /home/shouziqi/osa-management/public/osa-final-v1.1/osa-final/backend/vendor/laravel/framework/src/Illuminate/Container/Container.php(799): Illuminate\\Container\\BoundMethod::call()
#12 /home/shouziqi/osa-management/public/osa-final-v1.1/osa-final/backend/vendor/laravel/framework/src/Illuminate/Console/Command.php(211): Illuminate\\Container\\Container->call()
#13 /home/shouziqi/osa-management/public/osa-final-v1.1/osa-final/backend/vendor/symfony/console/Command/Command.php(341): Illuminate\\Console\\Command->execute()
#14 /home/shouziqi/osa-management/public/osa-final-v1.1/osa-final/backend/vendor/laravel/framework/src/Illuminate/Console/Command.php(180): Symfony\\Component\\Console\\Command\\Command->run()
#15 /home/shouziqi/osa-management/public/osa-final-v1.1/osa-final/backend/vendor/laravel/framework/src/Illuminate/Console/Concerns/CallsCommands.php(68): Illuminate\\Console\\Command->run()
#16 /home/shouziqi/osa-management/public/osa-final-v1.1/osa-final/backend/vendor/laravel/framework/src/Illuminate/Console/Concerns/CallsCommands.php(41): Illuminate\\Console\\Command->runCommand()
#17 /home/shouziqi/osa-management/public/osa-final-v1.1/osa-final/backend/vendor/laravel/framework/src/Illuminate/Console/Concerns/CallsCommands.php(53): Illuminate\\Console\\Command->callSilent()
#18 /home/shouziqi/osa-management/public/osa-final-v1.1/osa-final/backend/vendor/laravel/framework/src/Illuminate/Foundation/Console/OptimizeClearCommand.php(48): Illuminate\\Console\\Command->callSilently()
#19 /home/shouziqi/osa-management/public/osa-final-v1.1/osa-final/backend/vendor/laravel/framework/src/Illuminate/Console/View/Components/Task.php(41): Illuminate\\Foundation\\Console\\OptimizeClearCommand->Illuminate\\Foundation\\Console\\{closure}()
#20 /home/shouziqi/osa-management/public/osa-final-v1.1/osa-final/backend/vendor/laravel/framework/src/Illuminate/Console/View/Components/Factory.php(59): Illuminate\\Console\\View\\Components\\Task->render()
#21 /home/shouziqi/osa-management/public/osa-final-v1.1/osa-final/backend/vendor/laravel/framework/src/Illuminate/Foundation/Console/OptimizeClearCommand.php(48): Illuminate\\Console\\View\\Components\\Factory->__call()
#22 /home/shouziqi/osa-management/public/osa-final-v1.1/osa-final/backend/vendor/laravel/framework/src/Illuminate/Container/BoundMethod.php(36): Illuminate\\Foundation\\Console\\OptimizeClearCommand->handle()
#23 /home/shouziqi/osa-management/public/osa-final-v1.1/osa-final/backend/vendor/laravel/framework/src/Illuminate/Container/Util.php(43): Illuminate\\Container\\BoundMethod::Illuminate\\Container\\{closure}()
#24 /home/shouziqi/osa-management/public/osa-final-v1.1/osa-final/backend/vendor/laravel/framework/src/Illuminate/Container/BoundMethod.php(96): Illuminate\\Container\\Util::unwrapIfClosure()
#25 /home/shouziqi/osa-management/public/osa-final-v1.1/osa-final/backend/vendor/laravel/framework/src/Illuminate/Container/BoundMethod.php(35): Illuminate\\Container\\BoundMethod::callBoundMethod()
#26 /home/shouziqi/osa-management/public/osa-final-v1.1/osa-final/backend/vendor/laravel/framework/src/Illuminate/Container/Container.php(799): Illuminate\\Container\\BoundMethod::call()
#27 /home/shouziqi/osa-management/public/osa-final-v1.1/osa-final/backend/vendor/laravel/framework/src/Illuminate/Console/Command.php(211): Illuminate\\Container\\Container->call()
#28 /home/shouziqi/osa-management/public/osa-final-v1.1/osa-final/backend/vendor/symfony/console/Command/Command.php(341): Illuminate\\Console\\Command->execute()
#29 /home/shouziqi/osa-management/public/osa-final-v1.1/osa-final/backend/vendor/laravel/framework/src/Illuminate/Console/Command.php(180): Symfony\\Component\\Console\\Command\\Command->run()
#30 /home/shouziqi/osa-management/public/osa-final-v1.1/osa-final/backend/vendor/symfony/console/Application.php(1117): Illuminate\\Console\\Command->run()
#31 /home/shouziqi/osa-management/public/osa-final-v1.1/osa-final/backend/vendor/symfony/console/Application.php(356): Symfony\\Component\\Console\\Application->doRunCommand()
#32 /home/shouziqi/osa-management/public/osa-final-v1.1/osa-final/backend/vendor/symfony/console/Application.php(195): Symfony\\Component\\Console\\Application->doRun()
#33 /home/shouziqi/osa-management/public/osa-final-v1.1/osa-final/backend/vendor/laravel/framework/src/Illuminate/Foundation/Console/Kernel.php(198): Symfony\\Component\\Console\\Application->run()
#34 /home/shouziqi/osa-management/public/osa-final-v1.1/osa-final/backend/vendor/laravel/framework/src/Illuminate/Foundation/Application.php(1235): Illuminate\\Foundation\\Console\\Kernel->handle()
#35 /home/shouziqi/osa-management/public/osa-final-v1.1/osa-final/backend/artisan(5): Illuminate\\Foundation\\Application->handleCommand()
#36 {main}

[previous exception] [object] (PDOException(code: 42S02): SQLSTATE[42S02]: Base table or view not found: 1146 Table 'shouziqi_osa.cache' doesn't exist at /home/shouziqi/osa-management/public/osa-final-v1.1/osa-final/backend/vendor/laravel/framework/src/Illuminate/Database/Connection.php:605)
[stacktrace]
#0 /home/shouziqi/osa-management/public/osa-final-v1.1/osa-final/backend/vendor/laravel/framework/src/Illuminate/Database/Connection.php(605): PDO->prepare()
#1 /home/shouziqi/osa-management/public/osa-final-v1.1/osa-final/backend/vendor/laravel/framework/src/Illuminate/Database/Connection.php(827): Illuminate\\Database\\Connection->Illuminate\\Database\\{closure}()
#2 /home/shouziqi/osa-management/public/osa-final-v1.1/osa-final/backend/vendor/laravel/framework/src/Illuminate/Database/Connection.php(794): Illuminate\\Database\\Connection->runQueryCallback()
#3 /home/shouziqi/osa-management/public/osa-final-v1.1/osa-final/backend/vendor/laravel/framework/src/Illuminate/Database/Connection.php(597): Illuminate\\Database\\Connection->run()
#4 /home/shouziqi/osa-management/public/osa-final-v1.1/osa-final/backend/vendor/laravel/framework/src/Illuminate/Database/Connection.php(561): Illuminate\\Database\\Connection->affectingStatement()
#5 /home/shouziqi/osa-management/public/osa-final-v1.1/osa-final/backend/vendor/laravel/framework/src/Illuminate/Database/Query/Builder.php(4426): Illuminate\\Database\\Connection->delete()
#6 /home/shouziqi/osa-management/public/osa-final-v1.1/osa-final/backend/vendor/laravel/framework/src/Illuminate/Cache/DatabaseStore.php(433): Illuminate\\Database\\Query\\Builder->delete()
#7 /home/shouziqi/osa-management/public/osa-final-v1.1/osa-final/backend/vendor/laravel/framework/src/Illuminate/Cache/Repository.php(979): Illuminate\\Cache\\DatabaseStore->flush()
#8 /home/shouziqi/osa-management/public/osa-final-v1.1/osa-final/backend/vendor/laravel/framework/src/Illuminate/Cache/Console/ClearCommand.php(68): Illuminate\\Cache\\Repository->__call()
#9 /home/shouziqi/osa-management/public/osa-final-v1.1/osa-final/backend/vendor/laravel/framework/src/Illuminate/Container/BoundMethod.php(36): Illuminate\\Cache\\Console\\ClearCommand->handle()
#10 /home/shouziqi/osa-management/public/osa-final-v1.1/osa-final/backend/vendor/laravel/framework/src/Illuminate/Container/Util.php(43): Illuminate\\Container\\BoundMethod::Illuminate\\Container\\{closure}()
#11 /home/shouziqi/osa-management/public/osa-final-v1.1/osa-final/backend/vendor/laravel/framework/src/Illuminate/Container/BoundMethod.php(96): Illuminate\\Container\\Util::unwrapIfClosure()
#12 /home/shouziqi/osa-management/public/osa-final-v1.1/osa-final/backend/vendor/laravel/framework/src/Illuminate/Container/BoundMethod.php(35): Illuminate\\Container\\BoundMethod::callBoundMethod()
#13 /home/shouziqi/osa-management/public/osa-final-v1.1/osa-final/backend/vendor/laravel/framework/src/Illuminate/Container/Container.php(799): Illuminate\\Container\\BoundMethod::call()
#14 /home/shouziqi/osa-management/public/osa-final-v1.1/osa-final/backend/vendor/laravel/framework/src/Illuminate/Console/Command.php(211): Illuminate\\Container\\Container->call()
#15 /home/shouziqi/osa-management/public/osa-final-v1.1/osa-final/backend/vendor/symfony/console/Command/Command.php(341): Illuminate\\Console\\Command->execute()
#16 /home/shouziqi/osa-management/public/osa-final-v1.1/osa-final/backend/vendor/laravel/framework/src/Illuminate/Console/Command.php(180): Symfony\\Component\\Console\\Command\\Command->run()
#17 /home/shouziqi/osa-management/public/osa-final-v1.1/osa-final/backend/vendor/laravel/framework/src/Illuminate/Console/Concerns/CallsCommands.php(68): Illuminate\\Console\\Command->run()
#18 /home/shouziqi/osa-management/public/osa-final-v1.1/osa-final/backend/vendor/laravel/framework/src/Illuminate/Console/Concerns/CallsCommands.php(41): Illuminate\\Console\\Command->runCommand()
#19 /home/shouziqi/osa-management/public/osa-final-v1.1/osa-final/backend/vendor/laravel/framework/src/Illuminate/Console/Concerns/CallsCommands.php(53): Illuminate\\Console\\Command->callSilent()
#20 /home/shouziqi/osa-management/public/osa-final-v1.1/osa-final/backend/vendor/laravel/framework/src/Illuminate/Foundation/Console/OptimizeClearCommand.php(48): Illuminate\\Console\\Command->callSilently()
#21 /home/shouziqi/osa-management/public/osa-final-v1.1/osa-final/backend/vendor/laravel/framework/src/Illuminate/Console/View/Components/Task.php(41): Illuminate\\Foundation\\Console\\OptimizeClearCommand->Illuminate\\Foundation\\Console\\{closure}()
#22 /home/shouziqi/osa-management/public/osa-final-v1.1/osa-final/backend/vendor/laravel/framework/src/Illuminate/Console/View/Components/Factory.php(59): Illuminate\\Console\\View\\Components\\Task->render()
#23 /home/shouziqi/osa-management/public/osa-final-v1.1/osa-final/backend/vendor/laravel/framework/src/Illuminate/Foundation/Console/OptimizeClearCommand.php(48): Illuminate\\Console\\View\\Components\\Factory->__call()
#24 /home/shouziqi/osa-management/public/osa-final-v1.1/osa-final/backend/vendor/laravel/framework/src/Illuminate/Container/BoundMethod.php(36): Illuminate\\Foundation\\Console\\OptimizeClearCommand->handle()
#25 /home/shouziqi/osa-management/public/osa-final-v1.1/osa-final/backend/vendor/laravel/framework/src/Illuminate/Container/Util.php(43): Illuminate\\Container\\BoundMethod::Illuminate\\Container\\{closure}()
#26 /home/shouziqi/osa-management/public/osa-final-v1.1/osa-final/backend/vendor/laravel/framework/src/Illuminate/Container/BoundMethod.php(96): Illuminate\\Container\\Util::unwrapIfClosure()
#27 /home/shouziqi/osa-management/public/osa-final-v1.1/osa-final/backend/vendor/laravel/framework/src/Illuminate/Container/BoundMethod.php(35): Illuminate\\Container\\BoundMethod::callBoundMethod()
#28 /home/shouziqi/osa-management/public/osa-final-v1.1/osa-final/backend/vendor/laravel/framework/src/Illuminate/Container/Container.php(799): Illuminate\\Container\\BoundMethod::call()
#29 /home/shouziqi/osa-management/public/osa-final-v1.1/osa-final/backend/vendor/laravel/framework/src/Illuminate/Console/Command.php(211): Illuminate\\Container\\Container->call()
#30 /home/shouziqi/osa-management/public/osa-final-v1.1/osa-final/backend/vendor/symfony/console/Command/Command.php(341): Illuminate\\Console\\Command->execute()
#31 /home/shouziqi/osa-management/public/osa-final-v1.1/osa-final/backend/vendor/laravel/framework/src/Illuminate/Console/Command.php(180): Symfony\\Component\\Console\\Command\\Command->run()
#32 /home/shouziqi/osa-management/public/osa-final-v1.1/osa-final/backend/vendor/symfony/console/Application.php(1117): Illuminate\\Console\\Command->run()
#33 /home/shouziqi/osa-management/public/osa-final-v1.1/osa-final/backend/vendor/symfony/console/Application.php(356): Symfony\\Component\\Console\\Application->doRunCommand()
#34 /home/shouziqi/osa-management/public/osa-final-v1.1/osa-final/backend/vendor/symfony/console/Application.php(195): Symfony\\Component\\Console\\Application->doRun()
#35 /home/shouziqi/osa-management/public/osa-final-v1.1/osa-final/backend/vendor/laravel/framework/src/Illuminate/Foundation/Console/Kernel.php(198): Symfony\\Component\\Console\\Application->run()
#36 /home/shouziqi/osa-management/public/osa-final-v1.1/osa-final/backend/vendor/laravel/framework/src/Illuminate/Foundation/Application.php(1235): Illuminate\\Foundation\\Console\\Kernel->handle()
#37 /home/shouziqi/osa-management/public/osa-final-v1.1/osa-final/backend/artisan(5): Illuminate\\Foundation\\Application->handleCommand()
#38 {main}
"} 
[2026-08-20 04:59:00] production.ERROR: SQLSTATE[42000]: Syntax error or access violation: 1071 Specified key was too long; max key length is 1000 bytes (Connection: mysql, Host: localhost, Port: 3306, Database: shouziqi_osa, SQL: create table `cache` (`key` varchar(255) not null, `value` mediumtext not null, `expiration` bigint not null, primary key (`key`)) default character set utf8mb4 collate 'utf8mb4_unicode_ci') {"exception":"[object] (Illuminate\\Database\\QueryException(code: 42000): SQLSTATE[42000]: Syntax error or access violation: 1071 Specified key was too long; max key length is 1000 bytes (Connection: mysql, Host: localhost, Port: 3306, Database: shouziqi_osa, SQL: create table `cache` (`key` varchar(255) not null, `value` mediumtext not null, `expiration` bigint not null, primary key (`key`)) default character set utf8mb4 collate 'utf8mb4_unicode_ci') at /home/shouziqi/osa-management/public/osa-final-v1.1/osa-final/backend/vendor/laravel/framework/src/Illuminate/Database/Connection.php:838)
[stacktrace]
#0 /home/shouziqi/osa-management/public/osa-final-v1.1/osa-final/backend/vendor/laravel/framework/src/Illuminate/Database/Connection.php(794): Illuminate\\Database\\Connection->runQueryCallback()
#1 /home/shouziqi/osa-management/public/osa-final-v1.1/osa-final/backend/vendor/laravel/framework/src/Illuminate/Database/Connection.php(573): Illuminate\\Database\\Connection->run()
#2 /home/shouziqi/osa-management/public/osa-final-v1.1/osa-final/backend/vendor/laravel/framework/src/Illuminate/Database/Schema/Blueprint.php(121): Illuminate\\Database\\Connection->statement()
#3 /home/shouziqi/osa-management/public/osa-final-v1.1/osa-final/backend/vendor/laravel/framework/src/Illuminate/Database/Schema/Builder.php(686): Illuminate\\Database\\Schema\\Blueprint->build()
#4 /home/shouziqi/osa-management/public/osa-final-v1.1/osa-final/backend/vendor/laravel/framework/src/Illuminate/Database/Schema/Builder.php(506): Illuminate\\Database\\Schema\\Builder->build()
#5 /home/shouziqi/osa-management/public/osa-final-v1.1/osa-final/backend/vendor/laravel/framework/src/Illuminate/Support/Facades/Facade.php(363): Illuminate\\Database\\Schema\\Builder->create()
#6 /home/shouziqi/osa-management/public/osa-final-v1.1/osa-final/backend/database/migrations/2026_08_20_045700_create_cache_table.php(14): Illuminate\\Support\\Facades\\Facade::__callStatic()
#7 /home/shouziqi/osa-management/public/osa-final-v1.1/osa-final/backend/vendor/laravel/framework/src/Illuminate/Database/Migrations/Migrator.php(517): Illuminate\\Database\\Migrations\\Migration@anonymous->up()
#8 /home/shouziqi/osa-management/public/osa-final-v1.1/osa-final/backend/vendor/laravel/framework/src/Illuminate/Database/Migrations/Migrator.php(442): Illuminate\\Database\\Migrations\\Migrator->runMethod()
#9 /home/shouziqi/osa-management/public/osa-final-v1.1/osa-final/backend/vendor/laravel/framework/src/Illuminate/Database/Migrations/Migrator.php(451): Illuminate\\Database\\Migrations\\Migrator->Illuminate\\Database\\Migrations\\{closure}()
#10 /home/shouziqi/osa-management/public/osa-final-v1.1/osa-final/backend/vendor/laravel/framework/src/Illuminate/Database/Migrations/Migrator.php(253): Illuminate\\Database\\Migrations\\Migrator->runMigration()
#11 /home/shouziqi/osa-management/public/osa-final-v1.1/osa-final/backend/vendor/laravel/framework/src/Illuminate/Console/View/Components/Task.php(41): Illuminate\\Database\\Migrations\\Migrator->Illuminate\\Database\\Migrations\\{closure}()
#12 /home/shouziqi/osa-management/public/osa-final-v1.1/osa-final/backend/vendor/laravel/framework/src/Illuminate/Database/Migrations/Migrator.php(814): Illuminate\\Console\\View\\Components\\Task->render()
#13 /home/shouziqi/osa-management/public/osa-final-v1.1/osa-final/backend/vendor/laravel/framework/src/Illuminate/Database/Migrations/Migrator.php(253): Illuminate\\Database\\Migrations\\Migrator->write()
#14 /home/shouziqi/osa-management/public/osa-final-v1.1/osa-final/backend/vendor/laravel/framework/src/Illuminate/Database/Migrations/Migrator.php(211): Illuminate\\Database\\Migrations\\Migrator->runUp()
#15 /home/shouziqi/osa-management/public/osa-final-v1.1/osa-final/backend/vendor/laravel/framework/src/Illuminate/Database/Migrations/Migrator.php(138): Illuminate\\Database\\Migrations\\Migrator->runPending()
#16 /home/shouziqi/osa-management/public/osa-final-v1.1/osa-final/backend/vendor/laravel/framework/src/Illuminate/Database/Console/Migrations/MigrateCommand.php(116): Illuminate\\Database\\Migrations\\Migrator->run()
#17 /home/shouziqi/osa-management/public/osa-final-v1.1/osa-final/backend/vendor/laravel/framework/src/Illuminate/Database/Migrations/Migrator.php(671): Illuminate\\Database\\Console\\Migrations\\MigrateCommand->Illuminate\\Database\\Console\\Migrations\\{closure}()
#18 /home/shouziqi/osa-management/public/osa-final-v1.1/osa-final/backend/vendor/laravel/framework/src/Illuminate/Database/Console/Migrations/MigrateCommand.php(109): Illuminate\\Database\\Migrations\\Migrator->usingConnection()
#19 /home/shouziqi/osa-management/public/osa-final-v1.1/osa-final/backend/vendor/laravel/framework/src/Illuminate/Database/Console/Migrations/MigrateCommand.php(88): Illuminate\\Database\\Console\\Migrations\\MigrateCommand->runMigrations()
#20 /home/shouziqi/osa-management/public/osa-final-v1.1/osa-final/backend/vendor/laravel/framework/src/Illuminate/Container/BoundMethod.php(36): Illuminate\\Database\\Console\\Migrations\\MigrateCommand->handle()
#21 /home/shouziqi/osa-management/public/osa-final-v1.1/osa-final/backend/vendor/laravel/framework/src/Illuminate/Container/Util.php(43): Illuminate\\Container\\BoundMethod::Illuminate\\Container\\{closure}()
#22 /home/shouziqi/osa-management/public/osa-final-v1.1/osa-final/backend/vendor/laravel/framework/src/Illuminate/Container/BoundMethod.php(96): Illuminate\\Container\\Util::unwrapIfClosure()
#23 /home/shouziqi/osa-management/public/osa-final-v1.1/osa-final/backend/vendor/laravel/framework/src/Illuminate/Container/BoundMethod.php(35): Illuminate\\Container\\BoundMethod::callBoundMethod()
#24 /home/shouziqi/osa-management/public/osa-final-v1.1/osa-final/backend/vendor/laravel/framework/src/Illuminate/Container/Container.php(799): Illuminate\\Container\\BoundMethod::call()
#25 /home/shouziqi/osa-management/public/osa-final-v1.1/osa-final/backend/vendor/laravel/framework/src/Illuminate/Console/Command.php(211): Illuminate\\Container\\Container->call()
#26 /home/shouziqi/osa-management/public/osa-final-v1.1/osa-final/backend/vendor/symfony/console/Command/Command.php(341): Illuminate\\Console\\Command->execute()
#27 /home/shouziqi/osa-management/public/osa-final-v1.1/osa-final/backend/vendor/laravel/framework/src/Illuminate/Console/Command.php(180): Symfony\\Component\\Console\\Command\\Command->run()
#28 /home/shouziqi/osa-management/public/osa-final-v1.1/osa-final/backend/vendor/symfony/console/Application.php(1117): Illuminate\\Console\\Command->run()
#29 /home/shouziqi/osa-management/public/osa-final-v1.1/osa-final/backend/vendor/symfony/console/Application.php(356): Symfony\\Component\\Console\\Application->doRunCommand()
#30 /home/shouziqi/osa-management/public/osa-final-v1.1/osa-final/backend/vendor/symfony/console/Application.php(195): Symfony\\Component\\Console\\Application->doRun()
#31 /home/shouziqi/osa-management/public/osa-final-v1.1/osa-final/backend/vendor/laravel/framework/src/Illuminate/Foundation/Console/Kernel.php(198): Symfony\\Component\\Console\\Application->run()
#32 /home/shouziqi/osa-management/public/osa-final-v1.1/osa-final/backend/vendor/laravel/framework/src/Illuminate/Foundation/Application.php(1235): Illuminate\\Foundation\\Console\\Kernel->handle()
#33 /home/shouziqi/osa-management/public/osa-final-v1.1/osa-final/backend/artisan(5): Illuminate\\Foundation\\Application->handleCommand()
#34 {main}

[previous exception] [object] (PDOException(code: 42000): SQLSTATE[42000]: Syntax error or access violation: 1071 Specified key was too long; max key length is 1000 bytes at /home/shouziqi/osa-management/public/osa-final-v1.1/osa-final/backend/vendor/laravel/framework/src/Illuminate/Database/Connection.php:584)
[stacktrace]
#0 /home/shouziqi/osa-management/public/osa-final-v1.1/osa-final/backend/vendor/laravel/framework/src/Illuminate/Database/Connection.php(584): PDOStatement->execute()
#1 /home/shouziqi/osa-management/public/osa-final-v1.1/osa-final/backend/vendor/laravel/framework/src/Illuminate/Database/Connection.php(827): Illuminate\\Database\\Connection->Illuminate\\Database\\{closure}()
#2 /home/shouziqi/osa-management/public/osa-final-v1.1/osa-final/backend/vendor/laravel/framework/src/Illuminate/Database/Connection.php(794): Illuminate\\Database\\Connection->runQueryCallback()
#3 /home/shouziqi/osa-management/public/osa-final-v1.1/osa-final/backend/vendor/laravel/framework/src/Illuminate/Database/Connection.php(573): Illuminate\\Database\\Connection->run()
#4 /home/shouziqi/osa-management/public/osa-final-v1.1/osa-final/backend/vendor/laravel/framework/src/Illuminate/Database/Schema/Blueprint.php(121): Illuminate\\Database\\Connection->statement()
#5 /home/shouziqi/osa-management/public/osa-final-v1.1/osa-final/backend/vendor/laravel/framework/src/Illuminate/Database/Schema/Builder.php(686): Illuminate\\Database\\Schema\\Blueprint->build()
#6 /home/shouziqi/osa-management/public/osa-final-v1.1/osa-final/backend/vendor/laravel/framework/src/Illuminate/Database/Schema/Builder.php(506): Illuminate\\Database\\Schema\\Builder->build()
#7 /home/shouziqi/osa-management/public/osa-final-v1.1/osa-final/backend/vendor/laravel/framework/src/Illuminate/Support/Facades/Facade.php(363): Illuminate\\Database\\Schema\\Builder->create()
#8 /home/shouziqi/osa-management/public/osa-final-v1.1/osa-final/backend/database/migrations/2026_08_20_045700_create_cache_table.php(14): Illuminate\\Support\\Facades\\Facade::__callStatic()
#9 /home/shouziqi/osa-management/public/osa-final-v1.1/osa-final/backend/vendor/laravel/framework/src/Illuminate/Database/Migrations/Migrator.php(517): Illuminate\\Database\\Migrations\\Migration@anonymous->up()
#10 /home/shouziqi/osa-management/public/osa-final-v1.1/osa-final/backend/vendor/laravel/framework/src/Illuminate/Database/Migrations/Migrator.php(442): Illuminate\\Database\\Migrations\\Migrator->runMethod()
#11 /home/shouziqi/osa-management/public/osa-final-v1.1/osa-final/backend/vendor/laravel/framework/src/Illuminate/Database/Migrations/Migrator.php(451): Illuminate\\Database\\Migrations\\Migrator->Illuminate\\Database\\Migrations\\{closure}()
#12 /home/shouziqi/osa-management/public/osa-final-v1.1/osa-final/backend/vendor/laravel/framework/src/Illuminate/Database/Migrations/Migrator.php(253): Illuminate\\Database\\Migrations\\Migrator->runMigration()
#13 /home/shouziqi/osa-management/public/osa-final-v1.1/osa-final/backend/vendor/laravel/framework/src/Illuminate/Console/View/Components/Task.php(41): Illuminate\\Database\\Migrations\\Migrator->Illuminate\\Database\\Migrations\\{closure}()
#14 /home/shouziqi/osa-management/public/osa-final-v1.1/osa-final/backend/vendor/laravel/framework/src/Illuminate/Database/Migrations/Migrator.php(814): Illuminate\\Console\\View\\Components\\Task->render()
#15 /home/shouziqi/osa-management/public/osa-final-v1.1/osa-final/backend/vendor/laravel/framework/src/Illuminate/Database/Migrations/Migrator.php(253): Illuminate\\Database\\Migrations\\Migrator->write()
#16 /home/shouziqi/osa-management/public/osa-final-v1.1/osa-final/backend/vendor/laravel/framework/src/Illuminate/Database/Migrations/Migrator.php(211): Illuminate\\Database\\Migrations\\Migrator->runUp()
#17 /home/shouziqi/osa-management/public/osa-final-v1.1/osa-final/backend/vendor/laravel/framework/src/Illuminate/Database/Migrations/Migrator.php(138): Illuminate\\Database\\Migrations\\Migrator->runPending()
#18 /home/shouziqi/osa-management/public/osa-final-v1.1/osa-final/backend/vendor/laravel/framework/src/Illuminate/Database/Console/Migrations/MigrateCommand.php(116): Illuminate\\Database\\Migrations\\Migrator->run()
#19 /home/shouziqi/osa-management/public/osa-final-v1.1/osa-final/backend/vendor/laravel/framework/src/Illuminate/Database/Migrations/Migrator.php(671): Illuminate\\Database\\Console\\Migrations\\MigrateCommand->Illuminate\\Database\\Console\\Migrations\\{closure}()
#20 /home/shouziqi/osa-management/public/osa-final-v1.1/osa-final/backend/vendor/laravel/framework/src/Illuminate/Database/Console/Migrations/MigrateCommand.php(109): Illuminate\\Database\\Migrations\\Migrator->usingConnection()
#21 /home/shouziqi/osa-management/public/osa-final-v1.1/osa-final/backend/vendor/laravel/framework/src/Illuminate/Database/Console/Migrations/MigrateCommand.php(88): Illuminate\\Database\\Console\\Migrations\\MigrateCommand->runMigrations()
#22 /home/shouziqi/osa-management/public/osa-final-v1.1/osa-final/backend/vendor/laravel/framework/src/Illuminate/Container/BoundMethod.php(36): Illuminate\\Database\\Console\\Migrations\\MigrateCommand->handle()
#23 /home/shouziqi/osa-management/public/osa-final-v1.1/osa-final/backend/vendor/laravel/framework/src/Illuminate/Container/Util.php(43): Illuminate\\Container\\BoundMethod::Illuminate\\Container\\{closure}()
#24 /home/shouziqi/osa-management/public/osa-final-v1.1/osa-final/backend/vendor/laravel/framework/src/Illuminate/Container/BoundMethod.php(96): Illuminate\\Container\\Util::unwrapIfClosure()
#25 /home/shouziqi/osa-management/public/osa-final-v1.1/osa-final/backend/vendor/laravel/framework/src/Illuminate/Container/BoundMethod.php(35): Illuminate\\Container\\BoundMethod::callBoundMethod()
#26 /home/shouziqi/osa-management/public/osa-final-v1.1/osa-final/backend/vendor/laravel/framework/src/Illuminate/Container/Container.php(799): Illuminate\\Container\\BoundMethod::call()
#27 /home/shouziqi/osa-management/public/osa-final-v1.1/osa-final/backend/vendor/laravel/framework/src/Illuminate/Console/Command.php(211): Illuminate\\Container\\Container->call()
#28 /home/shouziqi/osa-management/public/osa-final-v1.1/osa-final/backend/vendor/symfony/console/Command/Command.php(341): Illuminate\\Console\\Command->execute()
#29 /home/shouziqi/osa-management/public/osa-final-v1.1/osa-final/backend/vendor/laravel/framework/src/Illuminate/Console/Command.php(180): Symfony\\Component\\Console\\Command\\Command->run()
#30 /home/shouziqi/osa-management/public/osa-final-v1.1/osa-final/backend/vendor/symfony/console/Application.php(1117): Illuminate\\Console\\Command->run()
#31 /home/shouziqi/osa-management/public/osa-final-v1.1/osa-final/backend/vendor/symfony/console/Application.php(356): Symfony\\Component\\Console\\Application->doRunCommand()
#32 /home/shouziqi/osa-management/public/osa-final-v1.1/osa-final/backend/vendor/symfony/console/Application.php(195): Symfony\\Component\\Console\\Application->doRun()
#33 /home/shouziqi/osa-management/public/osa-final-v1.1/osa-final/backend/vendor/laravel/framework/src/Illuminate/Foundation/Console/Kernel.php(198): Symfony\\Component\\Console\\Application->run()
#34 /home/shouziqi/osa-management/public/osa-final-v1.1/osa-final/backend/vendor/laravel/framework/src/Illuminate/Foundation/Application.php(1235): Illuminate\\Foundation\\Console\\Kernel->handle()
#35 /home/shouziqi/osa-management/public/osa-final-v1.1/osa-final/backend/artisan(5): Illuminate\\Foundation\\Application->handleCommand()
#36 {main}
"} 
[2026-08-20 16:26:39] production.ERROR: SQLSTATE[42S02]: Base table or view not found: 1146 Table 'shouziqi_osa.sessions' doesn't exist (Connection: mysql, Host: localhost, Port: 3306, Database: shouziqi_osa, SQL: select * from `sessions` where `id` = FTaBhe00pfjRs9BrEXMLyc3ZRiWZaHaMJ5DmnJrL limit 1) {"exception":"[object] (Illuminate\\Database\\QueryException(code: 42S02): SQLSTATE[42S02]: Base table or view not found: 1146 Table 'shouziqi_osa.sessions' doesn't exist (Connection: mysql, Host: localhost, Port: 3306, Database: shouziqi_osa, SQL: select * from `sessions` where `id` = FTaBhe00pfjRs9BrEXMLyc3ZRiWZaHaMJ5DmnJrL limit 1) at /home/shouziqi/osa-management/public/osa-final-v1.1/osa-final/backend/vendor/laravel/framework/src/Illuminate/Database/Connection.php:838)
[stacktrace]
#0 /home/shouziqi/osa-management/public/osa-final-v1.1/osa-final/backend/vendor/laravel/framework/src/Illuminate/Database/Connection.php(794): Illuminate\\Database\\Connection->runQueryCallback()
#1 /home/shouziqi/osa-management/public/osa-final-v1.1/osa-final/backend/vendor/laravel/framework/src/Illuminate/Database/Connection.php(411): Illuminate\\Database\\Connection->run()
#2 /home/shouziqi/osa-management/public/osa-final-v1.1/osa-final/backend/vendor/laravel/framework/src/Illuminate/Database/Query/Builder.php(3505): Illuminate\\Database\\Connection->select()
#3 /home/shouziqi/osa-management/public/osa-final-v1.1/osa-final/backend/vendor/laravel/framework/src/Illuminate/Database/Query/Builder.php(3490): Illuminate\\Database\\Query\\Builder->runSelect()
#4 /home/shouziqi/osa-management/public/osa-final-v1.1/osa-final/backend/vendor/laravel/framework/src/Illuminate/Database/Query/Builder.php(4080): Illuminate\\Database\\Query\\Builder->Illuminate\\Database\\Query\\{closure}()
#5 /home/shouziqi/osa-management/public/osa-final-v1.1/osa-final/backend/vendor/laravel/framework/src/Illuminate/Database/Query/Builder.php(3489): Illuminate\\Database\\Query\\Builder->onceWithColumns()
#6 /home/shouziqi/osa-management/public/osa-final-v1.1/osa-final/backend/vendor/laravel/framework/src/Illuminate/Database/Concerns/BuildsQueries.php(366): Illuminate\\Database\\Query\\Builder->get()
#7 /home/shouziqi/osa-management/public/osa-final-v1.1/osa-final/backend/vendor/laravel/framework/src/Illuminate/Database/Query/Builder.php(3412): Illuminate\\Database\\Query\\Builder->first()
#8 /home/shouziqi/osa-management/public/osa-final-v1.1/osa-final/backend/vendor/laravel/framework/src/Illuminate/Session/DatabaseSessionHandler.php(96): Illuminate\\Database\\Query\\Builder->find()
#9 /home/shouziqi/osa-management/public/osa-final-v1.1/osa-final/backend/vendor/laravel/framework/src/Illuminate/Session/Store.php(128): Illuminate\\Session\\DatabaseSessionHandler->read()
#10 /home/shouziqi/osa-management/public/osa-final-v1.1/osa-final/backend/vendor/laravel/framework/src/Illuminate/Session/Store.php(116): Illuminate\\Session\\Store->readFromHandler()
#11 /home/shouziqi/osa-management/public/osa-final-v1.1/osa-final/backend/vendor/laravel/framework/src/Illuminate/Session/Store.php(100): Illuminate\\Session\\Store->loadSession()
#12 /home/shouziqi/osa-management/public/osa-final-v1.1/osa-final/backend/vendor/laravel/framework/src/Illuminate/Session/Middleware/StartSession.php(146): Illuminate\\Session\\Store->start()
#13 /home/shouziqi/osa-management/public/osa-final-v1.1/osa-final/backend/vendor/laravel/framework/src/Illuminate/Support/helpers.php(393): Illuminate\\Session\\Middleware\\StartSession->Illuminate\\Session\\Middleware\\{closure}()
#14 /home/shouziqi/osa-management/public/osa-final-v1.1/osa-final/backend/vendor/laravel/framework/src/Illuminate/Session/Middleware/StartSession.php(143): tap()
#15 /home/shouziqi/osa-management/public/osa-final-v1.1/osa-final/backend/vendor/laravel/framework/src/Illuminate/Session/Middleware/StartSession.php(115): Illuminate\\Session\\Middleware\\StartSession->startSession()
#16 /home/shouziqi/osa-management/public/osa-final-v1.1/osa-final/backend/vendor/laravel/framework/src/Illuminate/Session/Middleware/StartSession.php(63): Illuminate\\Session\\Middleware\\StartSession->handleStatefulRequest()
#17 /home/shouziqi/osa-management/public/osa-final-v1.1/osa-final/backend/vendor/laravel/framework/src/Illuminate/Pipeline/Pipeline.php(219): Illuminate\\Session\\Middleware\\StartSession->handle()
#18 /home/shouziqi/osa-management/public/osa-final-v1.1/osa-final/backend/vendor/laravel/framework/src/Illuminate/Cookie/Middleware/AddQueuedCookiesToResponse.php(36): Illuminate\\Pipeline\\Pipeline->Illuminate\\Pipeline\\{closure}()
#19 /home/shouziqi/osa-management/public/osa-final-v1.1/osa-final/backend/vendor/laravel/framework/src/Illuminate/Pipeline/Pipeline.php(219): Illuminate\\Cookie\\Middleware\\AddQueuedCookiesToResponse->handle()
#20 /home/shouziqi/osa-management/public/osa-final-v1.1/osa-final/backend/vendor/laravel/framework/src/Illuminate/Cookie/Middleware/EncryptCookies.php(74): Illuminate\\Pipeline\\Pipeline->Illuminate\\Pipeline\\{closure}()
#21 /home/shouziqi/osa-management/public/osa-final-v1.1/osa-final/backend/vendor/laravel/framework/src/Illuminate/Pipeline/Pipeline.php(219): Illuminate\\Cookie\\Middleware\\EncryptCookies->handle()
#22 /home/shouziqi/osa-management/public/osa-final-v1.1/osa-final/backend/vendor/laravel/framework/src/Illuminate/Pipeline/Pipeline.php(137): Illuminate\\Pipeline\\Pipeline->Illuminate\\Pipeline\\{closure}()
#23 /home/shouziqi/osa-management/public/osa-final-v1.1/osa-final/backend/vendor/laravel/framework/src/Illuminate/Routing/Router.php(821): Illuminate\\Pipeline\\Pipeline->then()
#24 /home/shouziqi/osa-management/public/osa-final-v1.1/osa-final/backend/vendor/laravel/framework/src/Illuminate/Routing/Router.php(800): Illuminate\\Routing\\Router->runRouteWithinStack()
#25 /home/shouziqi/osa-management/public/osa-final-v1.1/osa-final/backend/vendor/laravel/framework/src/Illuminate/Routing/Router.php(764): Illuminate\\Routing\\Router->runRoute()
#26 /home/shouziqi/osa-management/public/osa-final-v1.1/osa-final/backend/vendor/laravel/framework/src/Illuminate/Routing/Router.php(753): Illuminate\\Routing\\Router->dispatchToRoute()
#27 /home/shouziqi/osa-management/public/osa-final-v1.1/osa-final/backend/vendor/laravel/framework/src/Illuminate/Foundation/Http/Kernel.php(200): Illuminate\\Routing\\Router->dispatch()
#28 /home/shouziqi/osa-management/public/osa-final-v1.1/osa-final/backend/vendor/laravel/framework/src/Illuminate/Pipeline/Pipeline.php(180): Illuminate\\Foundation\\Http\\Kernel->Illuminate\\Foundation\\Http\\{closure}()
#29 /home/shouziqi/osa-management/public/osa-final-v1.1/osa-final/backend/vendor/laravel/framework/src/Illuminate/Foundation/Http/Middleware/TransformsRequest.php(21): Illuminate\\Pipeline\\Pipeline->Illuminate\\Pipeline\\{closure}()
#30 /home/shouziqi/osa-management/public/osa-final-v1.1/osa-final/backend/vendor/laravel/framework/src/Illuminate/Foundation/Http/Middleware/ConvertEmptyStringsToNull.php(31): Illuminate\\Foundation\\Http\\Middleware\\TransformsRequest->handle()
#31 /home/shouziqi/osa-management/public/osa-final-v1.1/osa-final/backend/vendor/laravel/framework/src/Illuminate/Pipeline/Pipeline.php(219): Illuminate\\Foundation\\Http\\Middleware\\ConvertEmptyStringsToNull->handle()
#32 /home/shouziqi/osa-management/public/osa-final-v1.1/osa-final/backend/vendor/laravel/framework/src/Illuminate/Foundation/Http/Middleware/TransformsRequest.php(21): Illuminate\\Pipeline\\Pipeline->Illuminate\\Pipeline\\{closure}()
#33 /home/shouziqi/osa-management/public/osa-final-v1.1/osa-final/backend/vendor/laravel/framework/src/Illuminate/Foundation/Http/Middleware/TrimStrings.php(51): Illuminate\\Foundation\\Http\\Middleware\\TransformsRequest->handle()
#34 /home/shouziqi/osa-management/public/osa-final-v1.1/osa-final/backend/vendor/laravel/framework/src/Illuminate/Pipeline/Pipeline.php(219): Illuminate\\Foundation\\Http\\Middleware\\TrimStrings->handle()
#35 /home/shouziqi/osa-management/public/osa-final-v1.1/osa-final/backend/vendor/laravel/framework/src/Illuminate/Http/Middleware/ValidatePostSize.php(27): Illuminate\\Pipeline\\Pipeline->Illuminate\\Pipeline\\{closure}()
#36 /home/shouziqi/osa-management/public/osa-final-v1.1/osa-final/backend/vendor/laravel/framework/src/Illuminate/Pipeline/Pipeline.php(219): Illuminate\\Http\\Middleware\\ValidatePostSize->handle()
#37 /home/shouziqi/osa-management/public/osa-final-v1.1/osa-final/backend/vendor/laravel/framework/src/Illuminate/Foundation/Http/Middleware/PreventRequestsDuringMaintenance.php(109): Illuminate\\Pipeline\\Pipeline->Illuminate\\Pipeline\\{closure}()
#38 /home/shouziqi/osa-management/public/osa-final-v1.1/osa-final/backend/vendor/laravel/framework/src/Illuminate/Pipeline/Pipeline.php(219): Illuminate\\Foundation\\Http\\Middleware\\PreventRequestsDuringMaintenance->handle()
#39 /home/shouziqi/osa-management/public/osa-final-v1.1/osa-final/backend/vendor/laravel/framework/src/Illuminate/Http/Middleware/HandleCors.php(61): Illuminate\\Pipeline\\Pipeline->Illuminate\\Pipeline\\{closure}()
#40 /home/shouziqi/osa-management/public/osa-final-v1.1/osa-final/backend/vendor/laravel/framework/src/Illuminate/Pipeline/Pipeline.php(219): Illuminate\\Http\\Middleware\\HandleCors->handle()
#41 /home/shouziqi/osa-management/public/osa-final-v1.1/osa-final/backend/vendor/laravel/framework/src/Illuminate/Http/Middleware/TrustProxies.php(58): Illuminate\\Pipeline\\Pipeline->Illuminate\\Pipeline\\{closure}()
#42 /home/shouziqi/osa-management/public/osa-final-v1.1/osa-final/backend/vendor/laravel/framework/src/Illuminate/Pipeline/Pipeline.php(219): Illuminate\\Http\\Middleware\\TrustProxies->handle()
#43 /home/shouziqi/osa-management/public/osa-final-v1.1/osa-final/backend/vendor/laravel/framework/src/Illuminate/Foundation/Http/Middleware/InvokeDeferredCallbacks.php(22): Illuminate\\Pipeline\\Pipeline->Illuminate\\Pipeline\\{closure}()
#44 /home/shouziqi/osa-management/public/osa-final-v1.1/osa-final/backend/vendor/laravel/framework/src/Illuminate/Pipeline/Pipeline.php(219): Illuminate\\Foundation\\Http\\Middleware\\InvokeDeferredCallbacks->handle()
#45 /home/shouziqi/osa-management/public/osa-final-v1.1/osa-final/backend/vendor/laravel/framework/src/Illuminate/Http/Middleware/ValidatePathEncoding.php(26): Illuminate\\Pipeline\\Pipeline->Illuminate\\Pipeline\\{closure}()
#46 /home/shouziqi/osa-management/public/osa-final-v1.1/osa-final/backend/vendor/laravel/framework/src/Illuminate/Pipeline/Pipeline.php(219): Illuminate\\Http\\Middleware\\ValidatePathEncoding->handle()
#47 /home/shouziqi/osa-management/public/osa-final-v1.1/osa-final/backend/vendor/laravel/framework/src/Illuminate/Pipeline/Pipeline.php(137): Illuminate\\Pipeline\\Pipeline->Illuminate\\Pipeline\\{closure}()
#48 /home/shouziqi/osa-management/public/osa-final-v1.1/osa-final/backend/vendor/laravel/framework/src/Illuminate/Foundation/Http/Kernel.php(175): Illuminate\\Pipeline\\Pipeline->then()
#49 /home/shouziqi/osa-management/public/osa-final-v1.1/osa-final/backend/vendor/laravel/framework/src/Illuminate/Foundation/Http/Kernel.php(144): Illuminate\\Foundation\\Http\\Kernel->sendRequestThroughRouter()
#50 /home/shouziqi/osa-management/public/osa-final-v1.1/osa-final/backend/vendor/laravel/framework/src/Illuminate/Foundation/Application.php(1220): Illuminate\\Foundation\\Http\\Kernel->handle()
#51 /home/shouziqi/osa-management/public/osa-final-v1.1/osa-final/backend/public/index.php(5): Illuminate\\Foundation\\Application->handleRequest()
#52 {main}

[previous exception] [object] (PDOException(code: 42S02): SQLSTATE[42S02]: Base table or view not found: 1146 Table 'shouziqi_osa.sessions' doesn't exist at /home/shouziqi/osa-management/public/osa-final-v1.1/osa-final/backend/vendor/laravel/framework/src/Illuminate/Database/Connection.php:420)
[stacktrace]
#0 /home/shouziqi/osa-management/public/osa-final-v1.1/osa-final/backend/vendor/laravel/framework/src/Illuminate/Database/Connection.php(420): PDO->prepare()
#1 /home/shouziqi/osa-management/public/osa-final-v1.1/osa-final/backend/vendor/laravel/framework/src/Illuminate/Database/Connection.php(827): Illuminate\\Database\\Connection->Illuminate\\Database\\{closure}()
#2 /home/shouziqi/osa-management/public/osa-final-v1.1/osa-final/backend/vendor/laravel/framework/src/Illuminate/Database/Connection.php(794): Illuminate\\Database\\Connection->runQueryCallback()
#3 /home/shouziqi/osa-management/public/osa-final-v1.1/osa-final/backend/vendor/laravel/framework/src/Illuminate/Database/Connection.php(411): Illuminate\\Database\\Connection->run()
#4 /home/shouziqi/osa-management/public/osa-final-v1.1/osa-final/backend/vendor/laravel/framework/src/Illuminate/Database/Query/Builder.php(3505): Illuminate\\Database\\Connection->select()
#5 /home/shouziqi/osa-management/public/osa-final-v1.1/osa-final/backend/vendor/laravel/framework/src/Illuminate/Database/Query/Builder.php(3490): Illuminate\\Database\\Query\\Builder->runSelect()
#6 /home/shouziqi/osa-management/public/osa-final-v1.1/osa-final/backend/vendor/laravel/framework/src/Illuminate/Database/Query/Builder.php(4080): Illuminate\\Database\\Query\\Builder->Illuminate\\Database\\Query\\{closure}()
#7 /home/shouziqi/osa-management/public/osa-final-v1.1/osa-final/backend/vendor/laravel/framework/src/Illuminate/Database/Query/Builder.php(3489): Illuminate\\Database\\Query\\Builder->onceWithColumns()
#8 /home/shouziqi/osa-management/public/osa-final-v1.1/osa-final/backend/vendor/laravel/framework/src/Illuminate/Database/Concerns/BuildsQueries.php(366): Illuminate\\Database\\Query\\Builder->get()
#9 /home/shouziqi/osa-management/public/osa-final-v1.1/osa-final/backend/vendor/laravel/framework/src/Illuminate/Database/Query/Builder.php(3412): Illuminate\\Database\\Query\\Builder->first()
#10 /home/shouziqi/osa-management/public/osa-final-v1.1/osa-final/backend/vendor/laravel/framework/src/Illuminate/Session/DatabaseSessionHandler.php(96): Illuminate\\Database\\Query\\Builder->find()
#11 /home/shouziqi/osa-management/public/osa-final-v1.1/osa-final/backend/vendor/laravel/framework/src/Illuminate/Session/Store.php(128): Illuminate\\Session\\DatabaseSessionHandler->read()
#12 /home/shouziqi/osa-management/public/osa-final-v1.1/osa-final/backend/vendor/laravel/framework/src/Illuminate/Session/Store.php(116): Illuminate\\Session\\Store->readFromHandler()
#13 /home/shouziqi/osa-management/public/osa-final-v1.1/osa-final/backend/vendor/laravel/framework/src/Illuminate/Session/Store.php(100): Illuminate\\Session\\Store->loadSession()
#14 /home/shouziqi/osa-management/public/osa-final-v1.1/osa-final/backend/vendor/laravel/framework/src/Illuminate/Session/Middleware/StartSession.php(146): Illuminate\\Session\\Store->start()
#15 /home/shouziqi/osa-management/public/osa-final-v1.1/osa-final/backend/vendor/laravel/framework/src/Illuminate/Support/helpers.php(393): Illuminate\\Session\\Middleware\\StartSession->Illuminate\\Session\\Middleware\\{closure}()
#16 /home/shouziqi/osa-management/public/osa-final-v1.1/osa-final/backend/vendor/laravel/framework/src/Illuminate/Session/Middleware/StartSession.php(143): tap()
#17 /home/shouziqi/osa-management/public/osa-final-v1.1/osa-final/backend/vendor/laravel/framework/src/Illuminate/Session/Middleware/StartSession.php(115): Illuminate\\Session\\Middleware\\StartSession->startSession()
#18 /home/shouziqi/osa-management/public/osa-final-v1.1/osa-final/backend/vendor/laravel/framework/src/Illuminate/Session/Middleware/StartSession.php(63): Illuminate\\Session\\Middleware\\StartSession->handleStatefulRequest()
#19 /home/shouziqi/osa-management/public/osa-final-v1.1/osa-final/backend/vendor/laravel/framework/src/Illuminate/Pipeline/Pipeline.php(219): Illuminate\\Session\\Middleware\\StartSession->handle()
#20 /home/shouziqi/osa-management/public/osa-final-v1.1/osa-final/backend/vendor/laravel/framework/src/Illuminate/Cookie/Middleware/AddQueuedCookiesToResponse.php(36): Illuminate\\Pipeline\\Pipeline->Illuminate\\Pipeline\\{closure}()
#21 /home/shouziqi/osa-management/public/osa-final-v1.1/osa-final/backend/vendor/laravel/framework/src/Illuminate/Pipeline/Pipeline.php(219): Illuminate\\Cookie\\Middleware\\AddQueuedCookiesToResponse->handle()
#22 /home/shouziqi/osa-management/public/osa-final-v1.1/osa-final/backend/vendor/laravel/framework/src/Illuminate/Cookie/Middleware/EncryptCookies.php(74): Illuminate\\Pipeline\\Pipeline->Illuminate\\Pipeline\\{closure}()
#23 /home/shouziqi/osa-management/public/osa-final-v1.1/osa-final/backend/vendor/laravel/framework/src/Illuminate/Pipeline/Pipeline.php(219): Illuminate\\Cookie\\Middleware\\EncryptCookies->handle()
#24 /home/shouziqi/osa-management/public/osa-final-v1.1/osa-final/backend/vendor/laravel/framework/src/Illuminate/Pipeline/Pipeline.php(137): Illuminate\\Pipeline\\Pipeline->Illuminate\\Pipeline\\{closure}()
#25 /home/shouziqi/osa-management/public/osa-final-v1.1/osa-final/backend/vendor/laravel/framework/src/Illuminate/Routing/Router.php(821): Illuminate\\Pipeline\\Pipeline->then()
#26 /home/shouziqi/osa-management/public/osa-final-v1.1/osa-final/backend/vendor/laravel/framework/src/Illuminate/Routing/Router.php(800): Illuminate\\Routing\\Router->runRouteWithinStack()
#27 /home/shouziqi/osa-management/public/osa-final-v1.1/osa-final/backend/vendor/laravel/framework/src/Illuminate/Routing/Router.php(764): Illuminate\\Routing\\Router->runRoute()
#28 /home/shouziqi/osa-management/public/osa-final-v1.1/osa-final/backend/vendor/laravel/framework/src/Illuminate/Routing/Router.php(753): Illuminate\\Routing\\Router->dispatchToRoute()
#29 /home/shouziqi/osa-management/public/osa-final-v1.1/osa-final/backend/vendor/laravel/framework/src/Illuminate/Foundation/Http/Kernel.php(200): Illuminate\\Routing\\Router->dispatch()
#30 /home/shouziqi/osa-management/public/osa-final-v1.1/osa-final/backend/vendor/laravel/framework/src/Illuminate/Pipeline/Pipeline.php(180): Illuminate\\Foundation\\Http\\Kernel->Illuminate\\Foundation\\Http\\{closure}()
#31 /home/shouziqi/osa-management/public/osa-final-v1.1/osa-final/backend/vendor/laravel/framework/src/Illuminate/Foundation/Http/Middleware/TransformsRequest.php(21): Illuminate\\Pipeline\\Pipeline->Illuminate\\Pipeline\\{closure}()
#32 /home/shouziqi/osa-management/public/osa-final-v1.1/osa-final/backend/vendor/laravel/framework/src/Illuminate/Foundation/Http/Middleware/ConvertEmptyStringsToNull.php(31): Illuminate\\Foundation\\Http\\Middleware\\TransformsRequest->handle()
#33 /home/shouziqi/osa-management/public/osa-final-v1.1/osa-final/backend/vendor/laravel/framework/src/Illuminate/Pipeline/Pipeline.php(219): Illuminate\\Foundation\\Http\\Middleware\\ConvertEmptyStringsToNull->handle()
#34 /home/shouziqi/osa-management/public/osa-final-v1.1/osa-final/backend/vendor/laravel/framework/src/Illuminate/Foundation/Http/Middleware/TransformsRequest.php(21): Illuminate\\Pipeline\\Pipeline->Illuminate\\Pipeline\\{closure}()
#35 /home/shouziqi/osa-management/public/osa-final-v1.1/osa-final/backend/vendor/laravel/framework/src/Illuminate/Foundation/Http/Middleware/TrimStrings.php(51): Illuminate\\Foundation\\Http\\Middleware\\TransformsRequest->handle()
#36 /home/shouziqi/osa-management/public/osa-final-v1.1/osa-final/backend/vendor/laravel/framework/src/Illuminate/Pipeline/Pipeline.php(219): Illuminate\\Foundation\\Http\\Middleware\\TrimStrings->handle()
#37 /home/shouziqi/osa-management/public/osa-final-v1.1/osa-final/backend/vendor/laravel/framework/src/Illuminate/Http/Middleware/ValidatePostSize.php(27): Illuminate\\Pipeline\\Pipeline->Illuminate\\Pipeline\\{closure}()
#38 /home/shouziqi/osa-management/public/osa-final-v1.1/osa-final/backend/vendor/laravel/framework/src/Illuminate/Pipeline/Pipeline.php(219): Illuminate\\Http\\Middleware\\ValidatePostSize->handle()
#39 /home/shouziqi/osa-management/public/osa-final-v1.1/osa-final/backend/vendor/laravel/framework/src/Illuminate/Foundation/Http/Middleware/PreventRequestsDuringMaintenance.php(109): Illuminate\\Pipeline\\Pipeline->Illuminate\\Pipeline\\{closure}()
#40 /home/shouziqi/osa-management/public/osa-final-v1.1/osa-final/backend/vendor/laravel/framework/src/Illuminate/Pipeline/Pipeline.php(219): Illuminate\\Foundation\\Http\\Middleware\\PreventRequestsDuringMaintenance->handle()
#41 /home/shouziqi/osa-management/public/osa-final-v1.1/osa-final/backend/vendor/laravel/framework/src/Illuminate/Http/Middleware/HandleCors.php(61): Illuminate\\Pipeline\\Pipeline->Illuminate\\Pipeline\\{closure}()
#42 /home/shouziqi/osa-management/public/osa-final-v1.1/osa-final/backend/vendor/laravel/framework/src/Illuminate/Pipeline/Pipeline.php(219): Illuminate\\Http\\Middleware\\HandleCors->handle()
#43 /home/shouziqi/osa-management/public/osa-final-v1.1/osa-final/backend/vendor/laravel/framework/src/Illuminate/Http/Middleware/TrustProxies.php(58): Illuminate\\Pipeline\\Pipeline->Illuminate\\Pipeline\\{closure}()
#44 /home/shouziqi/osa-management/public/osa-final-v1.1/osa-final/backend/vendor/laravel/framework/src/Illuminate/Pipeline/Pipeline.php(219): Illuminate\\Http\\Middleware\\TrustProxies->handle()
#45 /home/shouziqi/osa-management/public/osa-final-v1.1/osa-final/backend/vendor/laravel/framework/src/Illuminate/Foundation/Http/Middleware/InvokeDeferredCallbacks.php(22): Illuminate\\Pipeline\\Pipeline->Illuminate\\Pipeline\\{closure}()
#46 /home/shouziqi/osa-management/public/osa-final-v1.1/osa-final/backend/vendor/laravel/framework/src/Illuminate/Pipeline/Pipeline.php(219): Illuminate\\Foundation\\Http\\Middleware\\InvokeDeferredCallbacks->handle()
#47 /home/shouziqi/osa-management/public/osa-final-v1.1/osa-final/backend/vendor/laravel/framework/src/Illuminate/Http/Middleware/ValidatePathEncoding.php(26): Illuminate\\Pipeline\\Pipeline->Illuminate\\Pipeline\\{closure}()
#48 /home/shouziqi/osa-management/public/osa-final-v1.1/osa-final/backend/vendor/laravel/framework/src/Illuminate/Pipeline/Pipeline.php(219): Illuminate\\Http\\Middleware\\ValidatePathEncoding->handle()
#49 /home/shouziqi/osa-management/public/osa-final-v1.1/osa-final/backend/vendor/laravel/framework/src/Illuminate/Pipeline/Pipeline.php(137): Illuminate\\Pipeline\\Pipeline->Illuminate\\Pipeline\\{closure}()
#50 /home/shouziqi/osa-management/public/osa-final-v1.1/osa-final/backend/vendor/laravel/framework/src/Illuminate/Foundation/Http/Kernel.php(175): Illuminate\\Pipeline\\Pipeline->then()
#51 /home/shouziqi/osa-management/public/osa-final-v1.1/osa-final/backend/vendor/laravel/framework/src/Illuminate/Foundation/Http/Kernel.php(144): Illuminate\\Foundation\\Http\\Kernel->sendRequestThroughRouter()
#52 /home/shouziqi/osa-management/public/osa-final-v1.1/osa-final/backend/vendor/laravel/framework/src/Illuminate/Foundation/Application.php(1220): Illuminate\\Foundation\\Http\\Kernel->handle()
#53 /home/shouziqi/osa-management/public/osa-final-v1.1/osa-final/backend/public/index.php(5): Illuminate\\Foundation\\Application->handleRequest()
#54 {main}
"} 
[2026-08-20 16:26:51] production.ERROR: SQLSTATE[42S02]: Base table or view not found: 1146 Table 'shouziqi_osa.sessions' doesn't exist (Connection: mysql, Host: localhost, Port: 3306, Database: shouziqi_osa, SQL: select * from `sessions` where `id` = zsvr80KTCl7aKyh5ImS4srzurcvYRAkY1udbYzd4 limit 1) {"exception":"[object] (Illuminate\\Database\\QueryException(code: 42S02): SQLSTATE[42S02]: Base table or view not found: 1146 Table 'shouziqi_osa.sessions' doesn't exist (Connection: mysql, Host: localhost, Port: 3306, Database: shouziqi_osa, SQL: select * from `sessions` where `id` = zsvr80KTCl7aKyh5ImS4srzurcvYRAkY1udbYzd4 limit 1) at /home/shouziqi/osa-management/public/osa-final-v1.1/osa-final/backend/vendor/laravel/framework/src/Illuminate/Database/Connection.php:838)
[stacktrace]
#0 /home/shouziqi/osa-management/public/osa-final-v1.1/osa-final/backend/vendor/laravel/framework/src/Illuminate/Database/Connection.php(794): Illuminate\\Database\\Connection->runQueryCallback()
#1 /home/shouziqi/osa-management/public/osa-final-v1.1/osa-final/backend/vendor/laravel/framework/src/Illuminate/Database/Connection.php(411): Illuminate\\Database\\Connection->run()
#2 /home/shouziqi/osa-management/public/osa-final-v1.1/osa-final/backend/vendor/laravel/framework/src/Illuminate/Database/Query/Builder.php(3505): Illuminate\\Database\\Connection->select()
#3 /home/shouziqi/osa-management/public/osa-final-v1.1/osa-final/backend/vendor/laravel/framework/src/Illuminate/Database/Query/Builder.php(3490): Illuminate\\Database\\Query\\Builder->runSelect()
#4 /home/shouziqi/osa-management/public/osa-final-v1.1/osa-final/backend/vendor/laravel/framework/src/Illuminate/Database/Query/Builder.php(4080): Illuminate\\Database\\Query\\Builder->Illuminate\\Database\\Query\\{closure}()
#5 /home/shouziqi/osa-management/public/osa-final-v1.1/osa-final/backend/vendor/laravel/framework/src/Illuminate/Database/Query/Builder.php(3489): Illuminate\\Database\\Query\\Builder->onceWithColumns()
#6 /home/shouziqi/osa-management/public/osa-final-v1.1/osa-final/backend/vendor/laravel/framework/src/Illuminate/Database/Concerns/BuildsQueries.php(366): Illuminate\\Database\\Query\\Builder->get()
#7 /home/shouziqi/osa-management/public/osa-final-v1.1/osa-final/backend/vendor/laravel/framework/src/Illuminate/Database/Query/Builder.php(3412): Illuminate\\Database\\Query\\Builder->first()
#8 /home/shouziqi/osa-management/public/osa-final-v1.1/osa-final/backend/vendor/laravel/framework/src/Illuminate/Session/DatabaseSessionHandler.php(96): Illuminate\\Database\\Query\\Builder->find()
#9 /home/shouziqi/osa-management/public/osa-final-v1.1/osa-final/backend/vendor/laravel/framework/src/Illuminate/Session/Store.php(128): Illuminate\\Session\\DatabaseSessionHandler->read()
#10 /home/shouziqi/osa-management/public/osa-final-v1.1/osa-final/backend/vendor/laravel/framework/src/Illuminate/Session/Store.php(116): Illuminate\\Session\\Store->readFromHandler()
#11 /home/shouziqi/osa-management/public/osa-final-v1.1/osa-final/backend/vendor/laravel/framework/src/Illuminate/Session/Store.php(100): Illuminate\\Session\\Store->loadSession()
#12 /home/shouziqi/osa-management/public/osa-final-v1.1/osa-final/backend/vendor/laravel/framework/src/Illuminate/Session/Middleware/StartSession.php(146): Illuminate\\Session\\Store->start()
#13 /home/shouziqi/osa-management/public/osa-final-v1.1/osa-final/backend/vendor/laravel/framework/src/Illuminate/Support/helpers.php(393): Illuminate\\Session\\Middleware\\StartSession->Illuminate\\Session\\Middleware\\{closure}()
#14 /home/shouziqi/osa-management/public/osa-final-v1.1/osa-final/backend/vendor/laravel/framework/src/Illuminate/Session/Middleware/StartSession.php(143): tap()
#15 /home/shouziqi/osa-management/public/osa-final-v1.1/osa-final/backend/vendor/laravel/framework/src/Illuminate/Session/Middleware/StartSession.php(115): Illuminate\\Session\\Middleware\\StartSession->startSession()
#16 /home/shouziqi/osa-management/public/osa-final-v1.1/osa-final/backend/vendor/laravel/framework/src/Illuminate/Session/Middleware/StartSession.php(63): Illuminate\\Session\\Middleware\\StartSession->handleStatefulRequest()
#17 /home/shouziqi/osa-management/public/osa-final-v1.1/osa-final/backend/vendor/laravel/framework/src/Illuminate/Pipeline/Pipeline.php(219): Illuminate\\Session\\Middleware\\StartSession->handle()
#18 /home/shouziqi/osa-management/public/osa-final-v1.1/osa-final/backend/vendor/laravel/framework/src/Illuminate/Cookie/Middleware/AddQueuedCookiesToResponse.php(36): Illuminate\\Pipeline\\Pipeline->Illuminate\\Pipeline\\{closure}()
#19 /home/shouziqi/osa-management/public/osa-final-v1.1/osa-final/backend/vendor/laravel/framework/src/Illuminate/Pipeline/Pipeline.php(219): Illuminate\\Cookie\\Middleware\\AddQueuedCookiesToResponse->handle()
#20 /home/shouziqi/osa-management/public/osa-final-v1.1/osa-final/backend/vendor/laravel/framework/src/Illuminate/Cookie/Middleware/EncryptCookies.php(74): Illuminate\\Pipeline\\Pipeline->Illuminate\\Pipeline\\{closure}()
#21 /home/shouziqi/osa-management/public/osa-final-v1.1/osa-final/backend/vendor/laravel/framework/src/Illuminate/Pipeline/Pipeline.php(219): Illuminate\\Cookie\\Middleware\\EncryptCookies->handle()
#22 /home/shouziqi/osa-management/public/osa-final-v1.1/osa-final/backend/vendor/laravel/framework/src/Illuminate/Pipeline/Pipeline.php(137): Illuminate\\Pipeline\\Pipeline->Illuminate\\Pipeline\\{closure}()
#23 /home/shouziqi/osa-management/public/osa-final-v1.1/osa-final/backend/vendor/laravel/framework/src/Illuminate/Routing/Router.php(821): Illuminate\\Pipeline\\Pipeline->then()
#24 /home/shouziqi/osa-management/public/osa-final-v1.1/osa-final/backend/vendor/laravel/framework/src/Illuminate/Routing/Router.php(800): Illuminate\\Routing\\Router->runRouteWithinStack()
#25 /home/shouziqi/osa-management/public/osa-final-v1.1/osa-final/backend/vendor/laravel/framework/src/Illuminate/Routing/Router.php(764): Illuminate\\Routing\\Router->runRoute()
#26 /home/shouziqi/osa-management/public/osa-final-v1.1/osa-final/backend/vendor/laravel/framework/src/Illuminate/Routing/Router.php(753): Illuminate\\Routing\\Router->dispatchToRoute()
#27 /home/shouziqi/osa-management/public/osa-final-v1.1/osa-final/backend/vendor/laravel/framework/src/Illuminate/Foundation/Http/Kernel.php(200): Illuminate\\Routing\\Router->dispatch()
#28 /home/shouziqi/osa-management/public/osa-final-v1.1/osa-final/backend/vendor/laravel/framework/src/Illuminate/Pipeline/Pipeline.php(180): Illuminate\\Foundation\\Http\\Kernel->Illuminate\\Foundation\\Http\\{closure}()
#29 /home/shouziqi/osa-management/public/osa-final-v1.1/osa-final/backend/vendor/laravel/framework/src/Illuminate/Foundation/Http/Middleware/TransformsRequest.php(21): Illuminate\\Pipeline\\Pipeline->Illuminate\\Pipeline\\{closure}()
#30 /home/shouziqi/osa-management/public/osa-final-v1.1/osa-final/backend/vendor/laravel/framework/src/Illuminate/Foundation/Http/Middleware/ConvertEmptyStringsToNull.php(31): Illuminate\\Foundation\\Http\\Middleware\\TransformsRequest->handle()
#31 /home/shouziqi/osa-management/public/osa-final-v1.1/osa-final/backend/vendor/laravel/framework/src/Illuminate/Pipeline/Pipeline.php(219): Illuminate\\Foundation\\Http\\Middleware\\ConvertEmptyStringsToNull->handle()
#32 /home/shouziqi/osa-management/public/osa-final-v1.1/osa-final/backend/vendor/laravel/framework/src/Illuminate/Foundation/Http/Middleware/TransformsRequest.php(21): Illuminate\\Pipeline\\Pipeline->Illuminate\\Pipeline\\{closure}()
#33 /home/shouziqi/osa-management/public/osa-final-v1.1/osa-final/backend/vendor/laravel/framework/src/Illuminate/Foundation/Http/Middleware/TrimStrings.php(51): Illuminate\\Foundation\\Http\\Middleware\\TransformsRequest->handle()
#34 /home/shouziqi/osa-management/public/osa-final-v1.1/osa-final/backend/vendor/laravel/framework/src/Illuminate/Pipeline/Pipeline.php(219): Illuminate\\Foundation\\Http\\Middleware\\TrimStrings->handle()
#35 /home/shouziqi/osa-management/public/osa-final-v1.1/osa-final/backend/vendor/laravel/framework/src/Illuminate/Http/Middleware/ValidatePostSize.php(27): Illuminate\\Pipeline\\Pipeline->Illuminate\\Pipeline\\{closure}()
#36 /home/shouziqi/osa-management/public/osa-final-v1.1/osa-final/backend/vendor/laravel/framework/src/Illuminate/Pipeline/Pipeline.php(219): Illuminate\\Http\\Middleware\\ValidatePostSize->handle()
#37 /home/shouziqi/osa-management/public/osa-final-v1.1/osa-final/backend/vendor/laravel/framework/src/Illuminate/Foundation/Http/Middleware/PreventRequestsDuringMaintenance.php(109): Illuminate\\Pipeline\\Pipeline->Illuminate\\Pipeline\\{closure}()
#38 /home/shouziqi/osa-management/public/osa-final-v1.1/osa-final/backend/vendor/laravel/framework/src/Illuminate/Pipeline/Pipeline.php(219): Illuminate\\Foundation\\Http\\Middleware\\PreventRequestsDuringMaintenance->handle()
#39 /home/shouziqi/osa-management/public/osa-final-v1.1/osa-final/backend/vendor/laravel/framework/src/Illuminate/Http/Middleware/HandleCors.php(61): Illuminate\\Pipeline\\Pipeline->Illuminate\\Pipeline\\{closure}()
#40 /home/shouziqi/osa-management/public/osa-final-v1.1/osa-final/backend/vendor/laravel/framework/src/Illuminate/Pipeline/Pipeline.php(219): Illuminate\\Http\\Middleware\\HandleCors->handle()
#41 /home/shouziqi/osa-management/public/osa-final-v1.1/osa-final/backend/vendor/laravel/framework/src/Illuminate/Http/Middleware/TrustProxies.php(58): Illuminate\\Pipeline\\Pipeline->Illuminate\\Pipeline\\{closure}()
#42 /home/shouziqi/osa-management/public/osa-final-v1.1/osa-final/backend/vendor/laravel/framework/src/Illuminate/Pipeline/Pipeline.php(219): Illuminate\\Http\\Middleware\\TrustProxies->handle()
#43 /home/shouziqi/osa-management/public/osa-final-v1.1/osa-final/backend/vendor/laravel/framework/src/Illuminate/Foundation/Http/Middleware/InvokeDeferredCallbacks.php(22): Illuminate\\Pipeline\\Pipeline->Illuminate\\Pipeline\\{closure}()
#44 /home/shouziqi/osa-management/public/osa-final-v1.1/osa-final/backend/vendor/laravel/framework/src/Illuminate/Pipeline/Pipeline.php(219): Illuminate\\Foundation\\Http\\Middleware\\InvokeDeferredCallbacks->handle()
#45 /home/shouziqi/osa-management/public/osa-final-v1.1/osa-final/backend/vendor/laravel/framework/src/Illuminate/Http/Middleware/ValidatePathEncoding.php(26): Illuminate\\Pipeline\\Pipeline->Illuminate\\Pipeline\\{closure}()
#46 /home/shouziqi/osa-management/public/osa-final-v1.1/osa-final/backend/vendor/laravel/framework/src/Illuminate/Pipeline/Pipeline.php(219): Illuminate\\Http\\Middleware\\ValidatePathEncoding->handle()
#47 /home/shouziqi/osa-management/public/osa-final-v1.1/osa-final/backend/vendor/laravel/framework/src/Illuminate/Pipeline/Pipeline.php(137): Illuminate\\Pipeline\\Pipeline->Illuminate\\Pipeline\\{closure}()
#48 /home/shouziqi/osa-management/public/osa-final-v1.1/osa-final/backend/vendor/laravel/framework/src/Illuminate/Foundation/Http/Kernel.php(175): Illuminate\\Pipeline\\Pipeline->then()
#49 /home/shouziqi/osa-management/public/osa-final-v1.1/osa-final/backend/vendor/laravel/framework/src/Illuminate/Foundation/Http/Kernel.php(144): Illuminate\\Foundation\\Http\\Kernel->sendRequestThroughRouter()
#50 /home/shouziqi/osa-management/public/osa-final-v1.1/osa-final/backend/vendor/laravel/framework/src/Illuminate/Foundation/Application.php(1220): Illuminate\\Foundation\\Http\\Kernel->handle()
#51 /home/shouziqi/osa-management/public/osa-final-v1.1/osa-final/backend/public/index.php(5): Illuminate\\Foundation\\Application->handleRequest()
#52 {main}

[previous exception] [object] (PDOException(code: 42S02): SQLSTATE[42S02]: Base table or view not found: 1146 Table 'shouziqi_osa.sessions' doesn't exist at /home/shouziqi/osa-management/public/osa-final-v1.1/osa-final/backend/vendor/laravel/framework/src/Illuminate/Database/Connection.php:420)
[stacktrace]
#0 /home/shouziqi/osa-management/public/osa-final-v1.1/osa-final/backend/vendor/laravel/framework/src/Illuminate/Database/Connection.php(420): PDO->prepare()
#1 /home/shouziqi/osa-management/public/osa-final-v1.1/osa-final/backend/vendor/laravel/framework/src/Illuminate/Database/Connection.php(827): Illuminate\\Database\\Connection->Illuminate\\Database\\{closure}()
#2 /home/shouziqi/osa-management/public/osa-final-v1.1/osa-final/backend/vendor/laravel/framework/src/Illuminate/Database/Connection.php(794): Illuminate\\Database\\Connection->runQueryCallback()
#3 /home/shouziqi/osa-management/public/osa-final-v1.1/osa-final/backend/vendor/laravel/framework/src/Illuminate/Database/Connection.php(411): Illuminate\\Database\\Connection->run()
#4 /home/shouziqi/osa-management/public/osa-final-v1.1/osa-final/backend/vendor/laravel/framework/src/Illuminate/Database/Query/Builder.php(3505): Illuminate\\Database\\Connection->select()
#5 /home/shouziqi/osa-management/public/osa-final-v1.1/osa-final/backend/vendor/laravel/framework/src/Illuminate/Database/Query/Builder.php(3490): Illuminate\\Database\\Query\\Builder->runSelect()
#6 /home/shouziqi/osa-management/public/osa-final-v1.1/osa-final/backend/vendor/laravel/framework/src/Illuminate/Database/Query/Builder.php(4080): Illuminate\\Database\\Query\\Builder->Illuminate\\Database\\Query\\{closure}()
#7 /home/shouziqi/osa-management/public/osa-final-v1.1/osa-final/backend/vendor/laravel/framework/src/Illuminate/Database/Query/Builder.php(3489): Illuminate\\Database\\Query\\Builder->onceWithColumns()
#8 /home/shouziqi/osa-management/public/osa-final-v1.1/osa-final/backend/vendor/laravel/framework/src/Illuminate/Database/Concerns/BuildsQueries.php(366): Illuminate\\Database\\Query\\Builder->get()
#9 /home/shouziqi/osa-management/public/osa-final-v1.1/osa-final/backend/vendor/laravel/framework/src/Illuminate/Database/Query/Builder.php(3412): Illuminate\\Database\\Query\\Builder->first()
#10 /home/shouziqi/osa-management/public/osa-final-v1.1/osa-final/backend/vendor/laravel/framework/src/Illuminate/Session/DatabaseSessionHandler.php(96): Illuminate\\Database\\Query\\Builder->find()
#11 /home/shouziqi/osa-management/public/osa-final-v1.1/osa-final/backend/vendor/laravel/framework/src/Illuminate/Session/Store.php(128): Illuminate\\Session\\DatabaseSessionHandler->read()
#12 /home/shouziqi/osa-management/public/osa-final-v1.1/osa-final/backend/vendor/laravel/framework/src/Illuminate/Session/Store.php(116): Illuminate\\Session\\Store->readFromHandler()
#13 /home/shouziqi/osa-management/public/osa-final-v1.1/osa-final/backend/vendor/laravel/framework/src/Illuminate/Session/Store.php(100): Illuminate\\Session\\Store->loadSession()
#14 /home/shouziqi/osa-management/public/osa-final-v1.1/osa-final/backend/vendor/laravel/framework/src/Illuminate/Session/Middleware/StartSession.php(146): Illuminate\\Session\\Store->start()
#15 /home/shouziqi/osa-management/public/osa-final-v1.1/osa-final/backend/vendor/laravel/framework/src/Illuminate/Support/helpers.php(393): Illuminate\\Session\\Middleware\\StartSession->Illuminate\\Session\\Middleware\\{closure}()
#16 /home/shouziqi/osa-management/public/osa-final-v1.1/osa-final/backend/vendor/laravel/framework/src/Illuminate/Session/Middleware/StartSession.php(143): tap()
#17 /home/shouziqi/osa-management/public/osa-final-v1.1/osa-final/backend/vendor/laravel/framework/src/Illuminate/Session/Middleware/StartSession.php(115): Illuminate\\Session\\Middleware\\StartSession->startSession()
#18 /home/shouziqi/osa-management/public/osa-final-v1.1/osa-final/backend/vendor/laravel/framework/src/Illuminate/Session/Middleware/StartSession.php(63): Illuminate\\Session\\Middleware\\StartSession->handleStatefulRequest()
#19 /home/shouziqi/osa-management/public/osa-final-v1.1/osa-final/backend/vendor/laravel/framework/src/Illuminate/Pipeline/Pipeline.php(219): Illuminate\\Session\\Middleware\\StartSession->handle()
#20 /home/shouziqi/osa-management/public/osa-final-v1.1/osa-final/backend/vendor/laravel/framework/src/Illuminate/Cookie/Middleware/AddQueuedCookiesToResponse.php(36): Illuminate\\Pipeline\\Pipeline->Illuminate\\Pipeline\\{closure}()
#21 /home/shouziqi/osa-management/public/osa-final-v1.1/osa-final/backend/vendor/laravel/framework/src/Illuminate/Pipeline/Pipeline.php(219): Illuminate\\Cookie\\Middleware\\AddQueuedCookiesToResponse->handle()
#22 /home/shouziqi/osa-management/public/osa-final-v1.1/osa-final/backend/vendor/laravel/framework/src/Illuminate/Cookie/Middleware/EncryptCookies.php(74): Illuminate\\Pipeline\\Pipeline->Illuminate\\Pipeline\\{closure}()
#23 /home/shouziqi/osa-management/public/osa-final-v1.1/osa-final/backend/vendor/laravel/framework/src/Illuminate/Pipeline/Pipeline.php(219): Illuminate\\Cookie\\Middleware\\EncryptCookies->handle()
#24 /home/shouziqi/osa-management/public/osa-final-v1.1/osa-final/backend/vendor/laravel/framework/src/Illuminate/Pipeline/Pipeline.php(137): Illuminate\\Pipeline\\Pipeline->Illuminate\\Pipeline\\{closure}()
#25 /home/shouziqi/osa-management/public/osa-final-v1.1/osa-final/backend/vendor/laravel/framework/src/Illuminate/Routing/Router.php(821): Illuminate\\Pipeline\\Pipeline->then()
#26 /home/shouziqi/osa-management/public/osa-final-v1.1/osa-final/backend/vendor/laravel/framework/src/Illuminate/Routing/Router.php(800): Illuminate\\Routing\\Router->runRouteWithinStack()
#27 /home/shouziqi/osa-management/public/osa-final-v1.1/osa-final/backend/vendor/laravel/framework/src/Illuminate/Routing/Router.php(764): Illuminate\\Routing\\Router->runRoute()
#28 /home/shouziqi/osa-management/public/osa-final-v1.1/osa-final/backend/vendor/laravel/framework/src/Illuminate/Routing/Router.php(753): Illuminate\\Routing\\Router->dispatchToRoute()
#29 /home/shouziqi/osa-management/public/osa-final-v1.1/osa-final/backend/vendor/laravel/framework/src/Illuminate/Foundation/Http/Kernel.php(200): Illuminate\\Routing\\Router->dispatch()
#30 /home/shouziqi/osa-management/public/osa-final-v1.1/osa-final/backend/vendor/laravel/framework/src/Illuminate/Pipeline/Pipeline.php(180): Illuminate\\Foundation\\Http\\Kernel->Illuminate\\Foundation\\Http\\{closure}()
#31 /home/shouziqi/osa-management/public/osa-final-v1.1/osa-final/backend/vendor/laravel/framework/src/Illuminate/Foundation/Http/Middleware/TransformsRequest.php(21): Illuminate\\Pipeline\\Pipeline->Illuminate\\Pipeline\\{closure}()
#32 /home/shouziqi/osa-management/public/osa-final-v1.1/osa-final/backend/vendor/laravel/framework/src/Illuminate/Foundation/Http/Middleware/ConvertEmptyStringsToNull.php(31): Illuminate\\Foundation\\Http\\Middleware\\TransformsRequest->handle()
#33 /home/shouziqi/osa-management/public/osa-final-v1.1/osa-final/backend/vendor/laravel/framework/src/Illuminate/Pipeline/Pipeline.php(219): Illuminate\\Foundation\\Http\\Middleware\\ConvertEmptyStringsToNull->handle()
#34 /home/shouziqi/osa-management/public/osa-final-v1.1/osa-final/backend/vendor/laravel/framework/src/Illuminate/Foundation/Http/Middleware/TransformsRequest.php(21): Illuminate\\Pipeline\\Pipeline->Illuminate\\Pipeline\\{closure}()
#35 /home/shouziqi/osa-management/public/osa-final-v1.1/osa-final/backend/vendor/laravel/framework/src/Illuminate/Foundation/Http/Middleware/TrimStrings.php(51): Illuminate\\Foundation\\Http\\Middleware\\TransformsRequest->handle()
#36 /home/shouziqi/osa-management/public/osa-final-v1.1/osa-final/backend/vendor/laravel/framework/src/Illuminate/Pipeline/Pipeline.php(219): Illuminate\\Foundation\\Http\\Middleware\\TrimStrings->handle()
#37 /home/shouziqi/osa-management/public/osa-final-v1.1/osa-final/backend/vendor/laravel/framework/src/Illuminate/Http/Middleware/ValidatePostSize.php(27): Illuminate\\Pipeline\\Pipeline->Illuminate\\Pipeline\\{closure}()
#38 /home/shouziqi/osa-management/public/osa-final-v1.1/osa-final/backend/vendor/laravel/framework/src/Illuminate/Pipeline/Pipeline.php(219): Illuminate\\Http\\Middleware\\ValidatePostSize->handle()
#39 /home/shouziqi/osa-management/public/osa-final-v1.1/osa-final/backend/vendor/laravel/framework/src/Illuminate/Foundation/Http/Middleware/PreventRequestsDuringMaintenance.php(109): Illuminate\\Pipeline\\Pipeline->Illuminate\\Pipeline\\{closure}()
#40 /home/shouziqi/osa-management/public/osa-final-v1.1/osa-final/backend/vendor/laravel/framework/src/Illuminate/Pipeline/Pipeline.php(219): Illuminate\\Foundation\\Http\\Middleware\\PreventRequestsDuringMaintenance->handle()
#41 /home/shouziqi/osa-management/public/osa-final-v1.1/osa-final/backend/vendor/laravel/framework/src/Illuminate/Http/Middleware/HandleCors.php(61): Illuminate\\Pipeline\\Pipeline->Illuminate\\Pipeline\\{closure}()
#42 /home/shouziqi/osa-management/public/osa-final-v1.1/osa-final/backend/vendor/laravel/framework/src/Illuminate/Pipeline/Pipeline.php(219): Illuminate\\Http\\Middleware\\HandleCors->handle()
#43 /home/shouziqi/osa-management/public/osa-final-v1.1/osa-final/backend/vendor/laravel/framework/src/Illuminate/Http/Middleware/TrustProxies.php(58): Illuminate\\Pipeline\\Pipeline->Illuminate\\Pipeline\\{closure}()
#44 /home/shouziqi/osa-management/public/osa-final-v1.1/osa-final/backend/vendor/laravel/framework/src/Illuminate/Pipeline/Pipeline.php(219): Illuminate\\Http\\Middleware\\TrustProxies->handle()
#45 /home/shouziqi/osa-management/public/osa-final-v1.1/osa-final/backend/vendor/laravel/framework/src/Illuminate/Foundation/Http/Middleware/InvokeDeferredCallbacks.php(22): Illuminate\\Pipeline\\Pipeline->Illuminate\\Pipeline\\{closure}()
#46 /home/shouziqi/osa-management/public/osa-final-v1.1/osa-final/backend/vendor/laravel/framework/src/Illuminate/Pipeline/Pipeline.php(219): Illuminate\\Foundation\\Http\\Middleware\\InvokeDeferredCallbacks->handle()
#47 /home/shouziqi/osa-management/public/osa-final-v1.1/osa-final/backend/vendor/laravel/framework/src/Illuminate/Http/Middleware/ValidatePathEncoding.php(26): Illuminate\\Pipeline\\Pipeline->Illuminate\\Pipeline\\{closure}()
#48 /home/shouziqi/osa-management/public/osa-final-v1.1/osa-final/backend/vendor/laravel/framework/src/Illuminate/Pipeline/Pipeline.php(219): Illuminate\\Http\\Middleware\\ValidatePathEncoding->handle()
#49 /home/shouziqi/osa-management/public/osa-final-v1.1/osa-final/backend/vendor/laravel/framework/src/Illuminate/Pipeline/Pipeline.php(137): Illuminate\\Pipeline\\Pipeline->Illuminate\\Pipeline\\{closure}()
#50 /home/shouziqi/osa-management/public/osa-final-v1.1/osa-final/backend/vendor/laravel/framework/src/Illuminate/Foundation/Http/Kernel.php(175): Illuminate\\Pipeline\\Pipeline->then()
#51 /home/shouziqi/osa-management/public/osa-final-v1.1/osa-final/backend/vendor/laravel/framework/src/Illuminate/Foundation/Http/Kernel.php(144): Illuminate\\Foundation\\Http\\Kernel->sendRequestThroughRouter()
#52 /home/shouziqi/osa-management/public/osa-final-v1.1/osa-final/backend/vendor/laravel/framework/src/Illuminate/Foundation/Application.php(1220): Illuminate\\Foundation\\Http\\Kernel->handle()
#53 /home/shouziqi/osa-management/public/osa-final-v1.1/osa-final/backend/public/index.php(5): Illuminate\\Foundation\\Application->handleRequest()
#54 {main}
"} 
[2026-08-20 16:30:10] production.ERROR: SQLSTATE[42S02]: Base table or view not found: 1146 Table 'shouziqi_osa.sessions' doesn't exist (Connection: mysql, Host: localhost, Port: 3306, Database: shouziqi_osa, SQL: select * from `sessions` where `id` = nbbCI15wX9GuQJt0L8ChHPmgdCDnCGatL3yPg0uq limit 1) {"exception":"[object] (Illuminate\\Database\\QueryException(code: 42S02): SQLSTATE[42S02]: Base table or view not found: 1146 Table 'shouziqi_osa.sessions' doesn't exist (Connection: mysql, Host: localhost, Port: 3306, Database: shouziqi_osa, SQL: select * from `sessions` where `id` = nbbCI15wX9GuQJt0L8ChHPmgdCDnCGatL3yPg0uq limit 1) at /home/shouziqi/osa-management/public/osa-final-v1.1/osa-final/backend/vendor/laravel/framework/src/Illuminate/Database/Connection.php:838)
[stacktrace]
#0 /home/shouziqi/osa-management/public/osa-final-v1.1/osa-final/backend/vendor/laravel/framework/src/Illuminate/Database/Connection.php(794): Illuminate\\Database\\Connection->runQueryCallback()
#1 /home/shouziqi/osa-management/public/osa-final-v1.1/osa-final/backend/vendor/laravel/framework/src/Illuminate/Database/Connection.php(411): Illuminate\\Database\\Connection->run()
#2 /home/shouziqi/osa-management/public/osa-final-v1.1/osa-final/backend/vendor/laravel/framework/src/Illuminate/Database/Query/Builder.php(3505): Illuminate\\Database\\Connection->select()
#3 /home/shouziqi/osa-management/public/osa-final-v1.1/osa-final/backend/vendor/laravel/framework/src/Illuminate/Database/Query/Builder.php(3490): Illuminate\\Database\\Query\\Builder->runSelect()
#4 /home/shouziqi/osa-management/public/osa-final-v1.1/osa-final/backend/vendor/laravel/framework/src/Illuminate/Database/Query/Builder.php(4080): Illuminate\\Database\\Query\\Builder->Illuminate\\Database\\Query\\{closure}()
#5 /home/shouziqi/osa-management/public/osa-final-v1.1/osa-final/backend/vendor/laravel/framework/src/Illuminate/Database/Query/Builder.php(3489): Illuminate\\Database\\Query\\Builder->onceWithColumns()
#6 /home/shouziqi/osa-management/public/osa-final-v1.1/osa-final/backend/vendor/laravel/framework/src/Illuminate/Database/Concerns/BuildsQueries.php(366): Illuminate\\Database\\Query\\Builder->get()
#7 /home/shouziqi/osa-management/public/osa-final-v1.1/osa-final/backend/vendor/laravel/framework/src/Illuminate/Database/Query/Builder.php(3412): Illuminate\\Database\\Query\\Builder->first()
#8 /home/shouziqi/osa-management/public/osa-final-v1.1/osa-final/backend/vendor/laravel/framework/src/Illuminate/Session/DatabaseSessionHandler.php(96): Illuminate\\Database\\Query\\Builder->find()
#9 /home/shouziqi/osa-management/public/osa-final-v1.1/osa-final/backend/vendor/laravel/framework/src/Illuminate/Session/Store.php(128): Illuminate\\Session\\DatabaseSessionHandler->read()
#10 /home/shouziqi/osa-management/public/osa-final-v1.1/osa-final/backend/vendor/laravel/framework/src/Illuminate/Session/Store.php(116): Illuminate\\Session\\Store->readFromHandler()
#11 /home/shouziqi/osa-management/public/osa-final-v1.1/osa-final/backend/vendor/laravel/framework/src/Illuminate/Session/Store.php(100): Illuminate\\Session\\Store->loadSession()
#12 /home/shouziqi/osa-management/public/osa-final-v1.1/osa-final/backend/vendor/laravel/framework/src/Illuminate/Session/Middleware/StartSession.php(146): Illuminate\\Session\\Store->start()
#13 /home/shouziqi/osa-management/public/osa-final-v1.1/osa-final/backend/vendor/laravel/framework/src/Illuminate/Support/helpers.php(393): Illuminate\\Session\\Middleware\\StartSession->Illuminate\\Session\\Middleware\\{closure}()
#14 /home/shouziqi/osa-management/public/osa-final-v1.1/osa-final/backend/vendor/laravel/framework/src/Illuminate/Session/Middleware/StartSession.php(143): tap()
#15 /home/shouziqi/osa-management/public/osa-final-v1.1/osa-final/backend/vendor/laravel/framework/src/Illuminate/Session/Middleware/StartSession.php(115): Illuminate\\Session\\Middleware\\StartSession->startSession()
#16 /home/shouziqi/osa-management/public/osa-final-v1.1/osa-final/backend/vendor/laravel/framework/src/Illuminate/Session/Middleware/StartSession.php(63): Illuminate\\Session\\Middleware\\StartSession->handleStatefulRequest()
#17 /home/shouziqi/osa-management/public/osa-final-v1.1/osa-final/backend/vendor/laravel/framework/src/Illuminate/Pipeline/Pipeline.php(219): Illuminate\\Session\\Middleware\\StartSession->handle()
#18 /home/shouziqi/osa-management/public/osa-final-v1.1/osa-final/backend/vendor/laravel/framework/src/Illuminate/Cookie/Middleware/AddQueuedCookiesToResponse.php(36): Illuminate\\Pipeline\\Pipeline->Illuminate\\Pipeline\\{closure}()
#19 /home/shouziqi/osa-management/public/osa-final-v1.1/osa-final/backend/vendor/laravel/framework/src/Illuminate/Pipeline/Pipeline.php(219): Illuminate\\Cookie\\Middleware\\AddQueuedCookiesToResponse->handle()
#20 /home/shouziqi/osa-management/public/osa-final-v1.1/osa-final/backend/vendor/laravel/framework/src/Illuminate/Cookie/Middleware/EncryptCookies.php(74): Illuminate\\Pipeline\\Pipeline->Illuminate\\Pipeline\\{closure}()
#21 /home/shouziqi/osa-management/public/osa-final-v1.1/osa-final/backend/vendor/laravel/framework/src/Illuminate/Pipeline/Pipeline.php(219): Illuminate\\Cookie\\Middleware\\EncryptCookies->handle()
#22 /home/shouziqi/osa-management/public/osa-final-v1.1/osa-final/backend/vendor/laravel/framework/src/Illuminate/Pipeline/Pipeline.php(137): Illuminate\\Pipeline\\Pipeline->Illuminate\\Pipeline\\{closure}()
#23 /home/shouziqi/osa-management/public/osa-final-v1.1/osa-final/backend/vendor/laravel/framework/src/Illuminate/Routing/Router.php(821): Illuminate\\Pipeline\\Pipeline->then()
#24 /home/shouziqi/osa-management/public/osa-final-v1.1/osa-final/backend/vendor/laravel/framework/src/Illuminate/Routing/Router.php(800): Illuminate\\Routing\\Router->runRouteWithinStack()
#25 /home/shouziqi/osa-management/public/osa-final-v1.1/osa-final/backend/vendor/laravel/framework/src/Illuminate/Routing/Router.php(764): Illuminate\\Routing\\Router->runRoute()
#26 /home/shouziqi/osa-management/public/osa-final-v1.1/osa-final/backend/vendor/laravel/framework/src/Illuminate/Routing/Router.php(753): Illuminate\\Routing\\Router->dispatchToRoute()
#27 /home/shouziqi/osa-management/public/osa-final-v1.1/osa-final/backend/vendor/laravel/framework/src/Illuminate/Foundation/Http/Kernel.php(200): Illuminate\\Routing\\Router->dispatch()
#28 /home/shouziqi/osa-management/public/osa-final-v1.1/osa-final/backend/vendor/laravel/framework/src/Illuminate/Pipeline/Pipeline.php(180): Illuminate\\Foundation\\Http\\Kernel->Illuminate\\Foundation\\Http\\{closure}()
#29 /home/shouziqi/osa-management/public/osa-final-v1.1/osa-final/backend/vendor/laravel/framework/src/Illuminate/Foundation/Http/Middleware/TransformsRequest.php(21): Illuminate\\Pipeline\\Pipeline->Illuminate\\Pipeline\\{closure}()
#30 /home/shouziqi/osa-management/public/osa-final-v1.1/osa-final/backend/vendor/laravel/framework/src/Illuminate/Foundation/Http/Middleware/ConvertEmptyStringsToNull.php(31): Illuminate\\Foundation\\Http\\Middleware\\TransformsRequest->handle()
#31 /home/shouziqi/osa-management/public/osa-final-v1.1/osa-final/backend/vendor/laravel/framework/src/Illuminate/Pipeline/Pipeline.php(219): Illuminate\\Foundation\\Http\\Middleware\\ConvertEmptyStringsToNull->handle()
#32 /home/shouziqi/osa-management/public/osa-final-v1.1/osa-final/backend/vendor/laravel/framework/src/Illuminate/Foundation/Http/Middleware/TransformsRequest.php(21): Illuminate\\Pipeline\\Pipeline->Illuminate\\Pipeline\\{closure}()
#33 /home/shouziqi/osa-management/public/osa-final-v1.1/osa-final/backend/vendor/laravel/framework/src/Illuminate/Foundation/Http/Middleware/TrimStrings.php(51): Illuminate\\Foundation\\Http\\Middleware\\TransformsRequest->handle()
#34 /home/shouziqi/osa-management/public/osa-final-v1.1/osa-final/backend/vendor/laravel/framework/src/Illuminate/Pipeline/Pipeline.php(219): Illuminate\\Foundation\\Http\\Middleware\\TrimStrings->handle()
#35 /home/shouziqi/osa-management/public/osa-final-v1.1/osa-final/backend/vendor/laravel/framework/src/Illuminate/Http/Middleware/ValidatePostSize.php(27): Illuminate\\Pipeline\\Pipeline->Illuminate\\Pipeline\\{closure}()
#36 /home/shouziqi/osa-management/public/osa-final-v1.1/osa-final/backend/vendor/laravel/framework/src/Illuminate/Pipeline/Pipeline.php(219): Illuminate\\Http\\Middleware\\ValidatePostSize->handle()
#37 /home/shouziqi/osa-management/public/osa-final-v1.1/osa-final/backend/vendor/laravel/framework/src/Illuminate/Foundation/Http/Middleware/PreventRequestsDuringMaintenance.php(109): Illuminate\\Pipeline\\Pipeline->Illuminate\\Pipeline\\{closure}()
#38 /home/shouziqi/osa-management/public/osa-final-v1.1/osa-final/backend/vendor/laravel/framework/src/Illuminate/Pipeline/Pipeline.php(219): Illuminate\\Foundation\\Http\\Middleware\\PreventRequestsDuringMaintenance->handle()
#39 /home/shouziqi/osa-management/public/osa-final-v1.1/osa-final/backend/vendor/laravel/framework/src/Illuminate/Http/Middleware/HandleCors.php(61): Illuminate\\Pipeline\\Pipeline->Illuminate\\Pipeline\\{closure}()
#40 /home/shouziqi/osa-management/public/osa-final-v1.1/osa-final/backend/vendor/laravel/framework/src/Illuminate/Pipeline/Pipeline.php(219): Illuminate\\Http\\Middleware\\HandleCors->handle()
#41 /home/shouziqi/osa-management/public/osa-final-v1.1/osa-final/backend/vendor/laravel/framework/src/Illuminate/Http/Middleware/TrustProxies.php(58): Illuminate\\Pipeline\\Pipeline->Illuminate\\Pipeline\\{closure}()
#42 /home/shouziqi/osa-management/public/osa-final-v1.1/osa-final/backend/vendor/laravel/framework/src/Illuminate/Pipeline/Pipeline.php(219): Illuminate\\Http\\Middleware\\TrustProxies->handle()
#43 /home/shouziqi/osa-management/public/osa-final-v1.1/osa-final/backend/vendor/laravel/framework/src/Illuminate/Foundation/Http/Middleware/InvokeDeferredCallbacks.php(22): Illuminate\\Pipeline\\Pipeline->Illuminate\\Pipeline\\{closure}()
#44 /home/shouziqi/osa-management/public/osa-final-v1.1/osa-final/backend/vendor/laravel/framework/src/Illuminate/Pipeline/Pipeline.php(219): Illuminate\\Foundation\\Http\\Middleware\\InvokeDeferredCallbacks->handle()
#45 /home/shouziqi/osa-management/public/osa-final-v1.1/osa-final/backend/vendor/laravel/framework/src/Illuminate/Http/Middleware/ValidatePathEncoding.php(26): Illuminate\\Pipeline\\Pipeline->Illuminate\\Pipeline\\{closure}()
#46 /home/shouziqi/osa-management/public/osa-final-v1.1/osa-final/backend/vendor/laravel/framework/src/Illuminate/Pipeline/Pipeline.php(219): Illuminate\\Http\\Middleware\\ValidatePathEncoding->handle()
#47 /home/shouziqi/osa-management/public/osa-final-v1.1/osa-final/backend/vendor/laravel/framework/src/Illuminate/Pipeline/Pipeline.php(137): Illuminate\\Pipeline\\Pipeline->Illuminate\\Pipeline\\{closure}()
#48 /home/shouziqi/osa-management/public/osa-final-v1.1/osa-final/backend/vendor/laravel/framework/src/Illuminate/Foundation/Http/Kernel.php(175): Illuminate\\Pipeline\\Pipeline->then()
#49 /home/shouziqi/osa-management/public/osa-final-v1.1/osa-final/backend/vendor/laravel/framework/src/Illuminate/Foundation/Http/Kernel.php(144): Illuminate\\Foundation\\Http\\Kernel->sendRequestThroughRouter()
#50 /home/shouziqi/osa-management/public/osa-final-v1.1/osa-final/backend/vendor/laravel/framework/src/Illuminate/Foundation/Application.php(1220): Illuminate\\Foundation\\Http\\Kernel->handle()
#51 /home/shouziqi/osa-management/public/osa-final-v1.1/osa-final/backend/public/index.php(5): Illuminate\\Foundation\\Application->handleRequest()
#52 {main}

[previous exception] [object] (PDOException(code: 42S02): SQLSTATE[42S02]: Base table or view not found: 1146 Table 'shouziqi_osa.sessions' doesn't exist at /home/shouziqi/osa-management/public/osa-final-v1.1/osa-final/backend/vendor/laravel/framework/src/Illuminate/Database/Connection.php:420)
[stacktrace]
#0 /home/shouziqi/osa-management/public/osa-final-v1.1/osa-final/backend/vendor/laravel/framework/src/Illuminate/Database/Connection.php(420): PDO->prepare()
#1 /home/shouziqi/osa-management/public/osa-final-v1.1/osa-final/backend/vendor/laravel/framework/src/Illuminate/Database/Connection.php(827): Illuminate\\Database\\Connection->Illuminate\\Database\\{closure}()
#2 /home/shouziqi/osa-management/public/osa-final-v1.1/osa-final/backend/vendor/laravel/framework/src/Illuminate/Database/Connection.php(794): Illuminate\\Database\\Connection->runQueryCallback()
#3 /home/shouziqi/osa-management/public/osa-final-v1.1/osa-final/backend/vendor/laravel/framework/src/Illuminate/Database/Connection.php(411): Illuminate\\Database\\Connection->run()
#4 /home/shouziqi/osa-management/public/osa-final-v1.1/osa-final/backend/vendor/laravel/framework/src/Illuminate/Database/Query/Builder.php(3505): Illuminate\\Database\\Connection->select()
#5 /home/shouziqi/osa-management/public/osa-final-v1.1/osa-final/backend/vendor/laravel/framework/src/Illuminate/Database/Query/Builder.php(3490): Illuminate\\Database\\Query\\Builder->runSelect()
#6 /home/shouziqi/osa-management/public/osa-final-v1.1/osa-final/backend/vendor/laravel/framework/src/Illuminate/Database/Query/Builder.php(4080): Illuminate\\Database\\Query\\Builder->Illuminate\\Database\\Query\\{closure}()
#7 /home/shouziqi/osa-management/public/osa-final-v1.1/osa-final/backend/vendor/laravel/framework/src/Illuminate/Database/Query/Builder.php(3489): Illuminate\\Database\\Query\\Builder->onceWithColumns()
#8 /home/shouziqi/osa-management/public/osa-final-v1.1/osa-final/backend/vendor/laravel/framework/src/Illuminate/Database/Concerns/BuildsQueries.php(366): Illuminate\\Database\\Query\\Builder->get()
#9 /home/shouziqi/osa-management/public/osa-final-v1.1/osa-final/backend/vendor/laravel/framework/src/Illuminate/Database/Query/Builder.php(3412): Illuminate\\Database\\Query\\Builder->first()
#10 /home/shouziqi/osa-management/public/osa-final-v1.1/osa-final/backend/vendor/laravel/framework/src/Illuminate/Session/DatabaseSessionHandler.php(96): Illuminate\\Database\\Query\\Builder->find()
#11 /home/shouziqi/osa-management/public/osa-final-v1.1/osa-final/backend/vendor/laravel/framework/src/Illuminate/Session/Store.php(128): Illuminate\\Session\\DatabaseSessionHandler->read()
#12 /home/shouziqi/osa-management/public/osa-final-v1.1/osa-final/backend/vendor/laravel/framework/src/Illuminate/Session/Store.php(116): Illuminate\\Session\\Store->readFromHandler()
#13 /home/shouziqi/osa-management/public/osa-final-v1.1/osa-final/backend/vendor/laravel/framework/src/Illuminate/Session/Store.php(100): Illuminate\\Session\\Store->loadSession()
#14 /home/shouziqi/osa-management/public/osa-final-v1.1/osa-final/backend/vendor/laravel/framework/src/Illuminate/Session/Middleware/StartSession.php(146): Illuminate\\Session\\Store->start()
#15 /home/shouziqi/osa-management/public/osa-final-v1.1/osa-final/backend/vendor/laravel/framework/src/Illuminate/Support/helpers.php(393): Illuminate\\Session\\Middleware\\StartSession->Illuminate\\Session\\Middleware\\{closure}()
#16 /home/shouziqi/osa-management/public/osa-final-v1.1/osa-final/backend/vendor/laravel/framework/src/Illuminate/Session/Middleware/StartSession.php(143): tap()
#17 /home/shouziqi/osa-management/public/osa-final-v1.1/osa-final/backend/vendor/laravel/framework/src/Illuminate/Session/Middleware/StartSession.php(115): Illuminate\\Session\\Middleware\\StartSession->startSession()
#18 /home/shouziqi/osa-management/public/osa-final-v1.1/osa-final/backend/vendor/laravel/framework/src/Illuminate/Session/Middleware/StartSession.php(63): Illuminate\\Session\\Middleware\\StartSession->handleStatefulRequest()
#19 /home/shouziqi/osa-management/public/osa-final-v1.1/osa-final/backend/vendor/laravel/framework/src/Illuminate/Pipeline/Pipeline.php(219): Illuminate\\Session\\Middleware\\StartSession->handle()
#20 /home/shouziqi/osa-management/public/osa-final-v1.1/osa-final/backend/vendor/laravel/framework/src/Illuminate/Cookie/Middleware/AddQueuedCookiesToResponse.php(36): Illuminate\\Pipeline\\Pipeline->Illuminate\\Pipeline\\{closure}()
#21 /home/shouziqi/osa-management/public/osa-final-v1.1/osa-final/backend/vendor/laravel/framework/src/Illuminate/Pipeline/Pipeline.php(219): Illuminate\\Cookie\\Middleware\\AddQueuedCookiesToResponse->handle()
#22 /home/shouziqi/osa-management/public/osa-final-v1.1/osa-final/backend/vendor/laravel/framework/src/Illuminate/Cookie/Middleware/EncryptCookies.php(74): Illuminate\\Pipeline\\Pipeline->Illuminate\\Pipeline\\{closure}()
#23 /home/shouziqi/osa-management/public/osa-final-v1.1/osa-final/backend/vendor/laravel/framework/src/Illuminate/Pipeline/Pipeline.php(219): Illuminate\\Cookie\\Middleware\\EncryptCookies->handle()
#24 /home/shouziqi/osa-management/public/osa-final-v1.1/osa-final/backend/vendor/laravel/framework/src/Illuminate/Pipeline/Pipeline.php(137): Illuminate\\Pipeline\\Pipeline->Illuminate\\Pipeline\\{closure}()
#25 /home/shouziqi/osa-management/public/osa-final-v1.1/osa-final/backend/vendor/laravel/framework/src/Illuminate/Routing/Router.php(821): Illuminate\\Pipeline\\Pipeline->then()
#26 /home/shouziqi/osa-management/public/osa-final-v1.1/osa-final/backend/vendor/laravel/framework/src/Illuminate/Routing/Router.php(800): Illuminate\\Routing\\Router->runRouteWithinStack()
#27 /home/shouziqi/osa-management/public/osa-final-v1.1/osa-final/backend/vendor/laravel/framework/src/Illuminate/Routing/Router.php(764): Illuminate\\Routing\\Router->runRoute()
#28 /home/shouziqi/osa-management/public/osa-final-v1.1/osa-final/backend/vendor/laravel/framework/src/Illuminate/Routing/Router.php(753): Illuminate\\Routing\\Router->dispatchToRoute()
#29 /home/shouziqi/osa-management/public/osa-final-v1.1/osa-final/backend/vendor/laravel/framework/src/Illuminate/Foundation/Http/Kernel.php(200): Illuminate\\Routing\\Router->dispatch()
#30 /home/shouziqi/osa-management/public/osa-final-v1.1/osa-final/backend/vendor/laravel/framework/src/Illuminate/Pipeline/Pipeline.php(180): Illuminate\\Foundation\\Http\\Kernel->Illuminate\\Foundation\\Http\\{closure}()
#31 /home/shouziqi/osa-management/public/osa-final-v1.1/osa-final/backend/vendor/laravel/framework/src/Illuminate/Foundation/Http/Middleware/TransformsRequest.php(21): Illuminate\\Pipeline\\Pipeline->Illuminate\\Pipeline\\{closure}()
#32 /home/shouziqi/osa-management/public/osa-final-v1.1/osa-final/backend/vendor/laravel/framework/src/Illuminate/Foundation/Http/Middleware/ConvertEmptyStringsToNull.php(31): Illuminate\\Foundation\\Http\\Middleware\\TransformsRequest->handle()
#33 /home/shouziqi/osa-management/public/osa-final-v1.1/osa-final/backend/vendor/laravel/framework/src/Illuminate/Pipeline/Pipeline.php(219): Illuminate\\Foundation\\Http\\Middleware\\ConvertEmptyStringsToNull->handle()
#34 /home/shouziqi/osa-management/public/osa-final-v1.1/osa-final/backend/vendor/laravel/framework/src/Illuminate/Foundation/Http/Middleware/TransformsRequest.php(21): Illuminate\\Pipeline\\Pipeline->Illuminate\\Pipeline\\{closure}()
#35 /home/shouziqi/osa-management/public/osa-final-v1.1/osa-final/backend/vendor/laravel/framework/src/Illuminate/Foundation/Http/Middleware/TrimStrings.php(51): Illuminate\\Foundation\\Http\\Middleware\\TransformsRequest->handle()
#36 /home/shouziqi/osa-management/public/osa-final-v1.1/osa-final/backend/vendor/laravel/framework/src/Illuminate/Pipeline/Pipeline.php(219): Illuminate\\Foundation\\Http\\Middleware\\TrimStrings->handle()
#37 /home/shouziqi/osa-management/public/osa-final-v1.1/osa-final/backend/vendor/laravel/framework/src/Illuminate/Http/Middleware/ValidatePostSize.php(27): Illuminate\\Pipeline\\Pipeline->Illuminate\\Pipeline\\{closure}()
#38 /home/shouziqi/osa-management/public/osa-final-v1.1/osa-final/backend/vendor/laravel/framework/src/Illuminate/Pipeline/Pipeline.php(219): Illuminate\\Http\\Middleware\\ValidatePostSize->handle()
#39 /home/shouziqi/osa-management/public/osa-final-v1.1/osa-final/backend/vendor/laravel/framework/src/Illuminate/Foundation/Http/Middleware/PreventRequestsDuringMaintenance.php(109): Illuminate\\Pipeline\\Pipeline->Illuminate\\Pipeline\\{closure}()
#40 /home/shouziqi/osa-management/public/osa-final-v1.1/osa-final/backend/vendor/laravel/framework/src/Illuminate/Pipeline/Pipeline.php(219): Illuminate\\Foundation\\Http\\Middleware\\PreventRequestsDuringMaintenance->handle()
#41 /home/shouziqi/osa-management/public/osa-final-v1.1/osa-final/backend/vendor/laravel/framework/src/Illuminate/Http/Middleware/HandleCors.php(61): Illuminate\\Pipeline\\Pipeline->Illuminate\\Pipeline\\{closure}()
#42 /home/shouziqi/osa-management/public/osa-final-v1.1/osa-final/backend/vendor/laravel/framework/src/Illuminate/Pipeline/Pipeline.php(219): Illuminate\\Http\\Middleware\\HandleCors->handle()
#43 /home/shouziqi/osa-management/public/osa-final-v1.1/osa-final/backend/vendor/laravel/framework/src/Illuminate/Http/Middleware/TrustProxies.php(58): Illuminate\\Pipeline\\Pipeline->Illuminate\\Pipeline\\{closure}()
#44 /home/shouziqi/osa-management/public/osa-final-v1.1/osa-final/backend/vendor/laravel/framework/src/Illuminate/Pipeline/Pipeline.php(219): Illuminate\\Http\\Middleware\\TrustProxies->handle()
#45 /home/shouziqi/osa-management/public/osa-final-v1.1/osa-final/backend/vendor/laravel/framework/src/Illuminate/Foundation/Http/Middleware/InvokeDeferredCallbacks.php(22): Illuminate\\Pipeline\\Pipeline->Illuminate\\Pipeline\\{closure}()
#46 /home/shouziqi/osa-management/public/osa-final-v1.1/osa-final/backend/vendor/laravel/framework/src/Illuminate/Pipeline/Pipeline.php(219): Illuminate\\Foundation\\Http\\Middleware\\InvokeDeferredCallbacks->handle()
#47 /home/shouziqi/osa-management/public/osa-final-v1.1/osa-final/backend/vendor/laravel/framework/src/Illuminate/Http/Middleware/ValidatePathEncoding.php(26): Illuminate\\Pipeline\\Pipeline->Illuminate\\Pipeline\\{closure}()
#48 /home/shouziqi/osa-management/public/osa-final-v1.1/osa-final/backend/vendor/laravel/framework/src/Illuminate/Pipeline/Pipeline.php(219): Illuminate\\Http\\Middleware\\ValidatePathEncoding->handle()
#49 /home/shouziqi/osa-management/public/osa-final-v1.1/osa-final/backend/vendor/laravel/framework/src/Illuminate/Pipeline/Pipeline.php(137): Illuminate\\Pipeline\\Pipeline->Illuminate\\Pipeline\\{closure}()
#50 /home/shouziqi/osa-management/public/osa-final-v1.1/osa-final/backend/vendor/laravel/framework/src/Illuminate/Foundation/Http/Kernel.php(175): Illuminate\\Pipeline\\Pipeline->then()
#51 /home/shouziqi/osa-management/public/osa-final-v1.1/osa-final/backend/vendor/laravel/framework/src/Illuminate/Foundation/Http/Kernel.php(144): Illuminate\\Foundation\\Http\\Kernel->sendRequestThroughRouter()
#52 /home/shouziqi/osa-management/public/osa-final-v1.1/osa-final/backend/vendor/laravel/framework/src/Illuminate/Foundation/Application.php(1220): Illuminate\\Foundation\\Http\\Kernel->handle()
#53 /home/shouziqi/osa-management/public/osa-final-v1.1/osa-final/backend/public/index.php(5): Illuminate\\Foundation\\Application->handleRequest()
#54 {main}
"} 
[2026-08-20 16:32:33] production.ERROR: SQLSTATE[42000]: Syntax error or access violation: 1071 Specified key was too long; max key length is 1000 bytes (Connection: mysql, Host: localhost, Port: 3306, Database: shouziqi_osa, SQL: create table `sessions` (`id` varchar(255) not null, `user_id` bigint unsigned null, `ip_address` varchar(45) null, `user_agent` text null, `payload` longtext not null, `last_activity` int not null, primary key (`id`)) default character set utf8mb4 collate 'utf8mb4_unicode_ci') {"exception":"[object] (Illuminate\\Database\\QueryException(code: 42000): SQLSTATE[42000]: Syntax error or access violation: 1071 Specified key was too long; max key length is 1000 bytes (Connection: mysql, Host: localhost, Port: 3306, Database: shouziqi_osa, SQL: create table `sessions` (`id` varchar(255) not null, `user_id` bigint unsigned null, `ip_address` varchar(45) null, `user_agent` text null, `payload` longtext not null, `last_activity` int not null, primary key (`id`)) default character set utf8mb4 collate 'utf8mb4_unicode_ci') at /home/shouziqi/osa-management/public/osa-final-v1.1/osa-final/backend/vendor/laravel/framework/src/Illuminate/Database/Connection.php:838)
[stacktrace]
#0 /home/shouziqi/osa-management/public/osa-final-v1.1/osa-final/backend/vendor/laravel/framework/src/Illuminate/Database/Connection.php(794): Illuminate\\Database\\Connection->runQueryCallback()
#1 /home/shouziqi/osa-management/public/osa-final-v1.1/osa-final/backend/vendor/laravel/framework/src/Illuminate/Database/Connection.php(573): Illuminate\\Database\\Connection->run()
#2 /home/shouziqi/osa-management/public/osa-final-v1.1/osa-final/backend/vendor/laravel/framework/src/Illuminate/Database/Schema/Blueprint.php(121): Illuminate\\Database\\Connection->statement()
#3 /home/shouziqi/osa-management/public/osa-final-v1.1/osa-final/backend/vendor/laravel/framework/src/Illuminate/Database/Schema/Builder.php(686): Illuminate\\Database\\Schema\\Blueprint->build()
#4 /home/shouziqi/osa-management/public/osa-final-v1.1/osa-final/backend/vendor/laravel/framework/src/Illuminate/Database/Schema/Builder.php(506): Illuminate\\Database\\Schema\\Builder->build()
#5 /home/shouziqi/osa-management/public/osa-final-v1.1/osa-final/backend/vendor/laravel/framework/src/Illuminate/Support/Facades/Facade.php(363): Illuminate\\Database\\Schema\\Builder->create()
#6 /home/shouziqi/osa-management/public/osa-final-v1.1/osa-final/backend/database/migrations/2026_08_20_163056_create_sessions_table.php(14): Illuminate\\Support\\Facades\\Facade::__callStatic()
#7 /home/shouziqi/osa-management/public/osa-final-v1.1/osa-final/backend/vendor/laravel/framework/src/Illuminate/Database/Migrations/Migrator.php(517): Illuminate\\Database\\Migrations\\Migration@anonymous->up()
#8 /home/shouziqi/osa-management/public/osa-final-v1.1/osa-final/backend/vendor/laravel/framework/src/Illuminate/Database/Migrations/Migrator.php(442): Illuminate\\Database\\Migrations\\Migrator->runMethod()
#9 /home/shouziqi/osa-management/public/osa-final-v1.1/osa-final/backend/vendor/laravel/framework/src/Illuminate/Database/Migrations/Migrator.php(451): Illuminate\\Database\\Migrations\\Migrator->Illuminate\\Database\\Migrations\\{closure}()
#10 /home/shouziqi/osa-management/public/osa-final-v1.1/osa-final/backend/vendor/laravel/framework/src/Illuminate/Database/Migrations/Migrator.php(253): Illuminate\\Database\\Migrations\\Migrator->runMigration()
#11 /home/shouziqi/osa-management/public/osa-final-v1.1/osa-final/backend/vendor/laravel/framework/src/Illuminate/Console/View/Components/Task.php(41): Illuminate\\Database\\Migrations\\Migrator->Illuminate\\Database\\Migrations\\{closure}()
#12 /home/shouziqi/osa-management/public/osa-final-v1.1/osa-final/backend/vendor/laravel/framework/src/Illuminate/Database/Migrations/Migrator.php(814): Illuminate\\Console\\View\\Components\\Task->render()
#13 /home/shouziqi/osa-management/public/osa-final-v1.1/osa-final/backend/vendor/laravel/framework/src/Illuminate/Database/Migrations/Migrator.php(253): Illuminate\\Database\\Migrations\\Migrator->write()
#14 /home/shouziqi/osa-management/public/osa-final-v1.1/osa-final/backend/vendor/laravel/framework/src/Illuminate/Database/Migrations/Migrator.php(211): Illuminate\\Database\\Migrations\\Migrator->runUp()
#15 /home/shouziqi/osa-management/public/osa-final-v1.1/osa-final/backend/vendor/laravel/framework/src/Illuminate/Database/Migrations/Migrator.php(138): Illuminate\\Database\\Migrations\\Migrator->runPending()
#16 /home/shouziqi/osa-management/public/osa-final-v1.1/osa-final/backend/vendor/laravel/framework/src/Illuminate/Database/Console/Migrations/MigrateCommand.php(116): Illuminate\\Database\\Migrations\\Migrator->run()
#17 /home/shouziqi/osa-management/public/osa-final-v1.1/osa-final/backend/vendor/laravel/framework/src/Illuminate/Database/Migrations/Migrator.php(671): Illuminate\\Database\\Console\\Migrations\\MigrateCommand->Illuminate\\Database\\Console\\Migrations\\{closure}()
#18 /home/shouziqi/osa-management/public/osa-final-v1.1/osa-final/backend/vendor/laravel/framework/src/Illuminate/Database/Console/Migrations/MigrateCommand.php(109): Illuminate\\Database\\Migrations\\Migrator->usingConnection()
#19 /home/shouziqi/osa-management/public/osa-final-v1.1/osa-final/backend/vendor/laravel/framework/src/Illuminate/Database/Console/Migrations/MigrateCommand.php(88): Illuminate\\Database\\Console\\Migrations\\MigrateCommand->runMigrations()
#20 /home/shouziqi/osa-management/public/osa-final-v1.1/osa-final/backend/vendor/laravel/framework/src/Illuminate/Container/BoundMethod.php(36): Illuminate\\Database\\Console\\Migrations\\MigrateCommand->handle()
#21 /home/shouziqi/osa-management/public/osa-final-v1.1/osa-final/backend/vendor/laravel/framework/src/Illuminate/Container/Util.php(43): Illuminate\\Container\\BoundMethod::Illuminate\\Container\\{closure}()
#22 /home/shouziqi/osa-management/public/osa-final-v1.1/osa-final/backend/vendor/laravel/framework/src/Illuminate/Container/BoundMethod.php(96): Illuminate\\Container\\Util::unwrapIfClosure()
#23 /home/shouziqi/osa-management/public/osa-final-v1.1/osa-final/backend/vendor/laravel/framework/src/Illuminate/Container/BoundMethod.php(35): Illuminate\\Container\\BoundMethod::callBoundMethod()
#24 /home/shouziqi/osa-management/public/osa-final-v1.1/osa-final/backend/vendor/laravel/framework/src/Illuminate/Container/Container.php(799): Illuminate\\Container\\BoundMethod::call()
#25 /home/shouziqi/osa-management/public/osa-final-v1.1/osa-final/backend/vendor/laravel/framework/src/Illuminate/Console/Command.php(211): Illuminate\\Container\\Container->call()
#26 /home/shouziqi/osa-management/public/osa-final-v1.1/osa-final/backend/vendor/symfony/console/Command/Command.php(341): Illuminate\\Console\\Command->execute()
#27 /home/shouziqi/osa-management/public/osa-final-v1.1/osa-final/backend/vendor/laravel/framework/src/Illuminate/Console/Command.php(180): Symfony\\Component\\Console\\Command\\Command->run()
#28 /home/shouziqi/osa-management/public/osa-final-v1.1/osa-final/backend/vendor/symfony/console/Application.php(1117): Illuminate\\Console\\Command->run()
#29 /home/shouziqi/osa-management/public/osa-final-v1.1/osa-final/backend/vendor/symfony/console/Application.php(356): Symfony\\Component\\Console\\Application->doRunCommand()
#30 /home/shouziqi/osa-management/public/osa-final-v1.1/osa-final/backend/vendor/symfony/console/Application.php(195): Symfony\\Component\\Console\\Application->doRun()
#31 /home/shouziqi/osa-management/public/osa-final-v1.1/osa-final/backend/vendor/laravel/framework/src/Illuminate/Foundation/Console/Kernel.php(198): Symfony\\Component\\Console\\Application->run()
#32 /home/shouziqi/osa-management/public/osa-final-v1.1/osa-final/backend/vendor/laravel/framework/src/Illuminate/Foundation/Application.php(1235): Illuminate\\Foundation\\Console\\Kernel->handle()
#33 /home/shouziqi/osa-management/public/osa-final-v1.1/osa-final/backend/artisan(5): Illuminate\\Foundation\\Application->handleCommand()
#34 {main}

[previous exception] [object] (PDOException(code: 42000): SQLSTATE[42000]: Syntax error or access violation: 1071 Specified key was too long; max key length is 1000 bytes at /home/shouziqi/osa-management/public/osa-final-v1.1/osa-final/backend/vendor/laravel/framework/src/Illuminate/Database/Connection.php:584)
[stacktrace]
#0 /home/shouziqi/osa-management/public/osa-final-v1.1/osa-final/backend/vendor/laravel/framework/src/Illuminate/Database/Connection.php(584): PDOStatement->execute()
#1 /home/shouziqi/osa-management/public/osa-final-v1.1/osa-final/backend/vendor/laravel/framework/src/Illuminate/Database/Connection.php(827): Illuminate\\Database\\Connection->Illuminate\\Database\\{closure}()
#2 /home/shouziqi/osa-management/public/osa-final-v1.1/osa-final/backend/vendor/laravel/framework/src/Illuminate/Database/Connection.php(794): Illuminate\\Database\\Connection->runQueryCallback()
#3 /home/shouziqi/osa-management/public/osa-final-v1.1/osa-final/backend/vendor/laravel/framework/src/Illuminate/Database/Connection.php(573): Illuminate\\Database\\Connection->run()
#4 /home/shouziqi/osa-management/public/osa-final-v1.1/osa-final/backend/vendor/laravel/framework/src/Illuminate/Database/Schema/Blueprint.php(121): Illuminate\\Database\\Connection->statement()
#5 /home/shouziqi/osa-management/public/osa-final-v1.1/osa-final/backend/vendor/laravel/framework/src/Illuminate/Database/Schema/Builder.php(686): Illuminate\\Database\\Schema\\Blueprint->build()
#6 /home/shouziqi/osa-management/public/osa-final-v1.1/osa-final/backend/vendor/laravel/framework/src/Illuminate/Database/Schema/Builder.php(506): Illuminate\\Database\\Schema\\Builder->build()
#7 /home/shouziqi/osa-management/public/osa-final-v1.1/osa-final/backend/vendor/laravel/framework/src/Illuminate/Support/Facades/Facade.php(363): Illuminate\\Database\\Schema\\Builder->create()
#8 /home/shouziqi/osa-management/public/osa-final-v1.1/osa-final/backend/database/migrations/2026_08_20_163056_create_sessions_table.php(14): Illuminate\\Support\\Facades\\Facade::__callStatic()
#9 /home/shouziqi/osa-management/public/osa-final-v1.1/osa-final/backend/vendor/laravel/framework/src/Illuminate/Database/Migrations/Migrator.php(517): Illuminate\\Database\\Migrations\\Migration@anonymous->up()
#10 /home/shouziqi/osa-management/public/osa-final-v1.1/osa-final/backend/vendor/laravel/framework/src/Illuminate/Database/Migrations/Migrator.php(442): Illuminate\\Database\\Migrations\\Migrator->runMethod()
#11 /home/shouziqi/osa-management/public/osa-final-v1.1/osa-final/backend/vendor/laravel/framework/src/Illuminate/Database/Migrations/Migrator.php(451): Illuminate\\Database\\Migrations\\Migrator->Illuminate\\Database\\Migrations\\{closure}()
#12 /home/shouziqi/osa-management/public/osa-final-v1.1/osa-final/backend/vendor/laravel/framework/src/Illuminate/Database/Migrations/Migrator.php(253): Illuminate\\Database\\Migrations\\Migrator->runMigration()
#13 /home/shouziqi/osa-management/public/osa-final-v1.1/osa-final/backend/vendor/laravel/framework/src/Illuminate/Console/View/Components/Task.php(41): Illuminate\\Database\\Migrations\\Migrator->Illuminate\\Database\\Migrations\\{closure}()
#14 /home/shouziqi/osa-management/public/osa-final-v1.1/osa-final/backend/vendor/laravel/framework/src/Illuminate/Database/Migrations/Migrator.php(814): Illuminate\\Console\\View\\Components\\Task->render()
#15 /home/shouziqi/osa-management/public/osa-final-v1.1/osa-final/backend/vendor/laravel/framework/src/Illuminate/Database/Migrations/Migrator.php(253): Illuminate\\Database\\Migrations\\Migrator->write()
#16 /home/shouziqi/osa-management/public/osa-final-v1.1/osa-final/backend/vendor/laravel/framework/src/Illuminate/Database/Migrations/Migrator.php(211): Illuminate\\Database\\Migrations\\Migrator->runUp()
#17 /home/shouziqi/osa-management/public/osa-final-v1.1/osa-final/backend/vendor/laravel/framework/src/Illuminate/Database/Migrations/Migrator.php(138): Illuminate\\Database\\Migrations\\Migrator->runPending()
#18 /home/shouziqi/osa-management/public/osa-final-v1.1/osa-final/backend/vendor/laravel/framework/src/Illuminate/Database/Console/Migrations/MigrateCommand.php(116): Illuminate\\Database\\Migrations\\Migrator->run()
#19 /home/shouziqi/osa-management/public/osa-final-v1.1/osa-final/backend/vendor/laravel/framework/src/Illuminate/Database/Migrations/Migrator.php(671): Illuminate\\Database\\Console\\Migrations\\MigrateCommand->Illuminate\\Database\\Console\\Migrations\\{closure}()
#20 /home/shouziqi/osa-management/public/osa-final-v1.1/osa-final/backend/vendor/laravel/framework/src/Illuminate/Database/Console/Migrations/MigrateCommand.php(109): Illuminate\\Database\\Migrations\\Migrator->usingConnection()
#21 /home/shouziqi/osa-management/public/osa-final-v1.1/osa-final/backend/vendor/laravel/framework/src/Illuminate/Database/Console/Migrations/MigrateCommand.php(88): Illuminate\\Database\\Console\\Migrations\\MigrateCommand->runMigrations()
#22 /home/shouziqi/osa-management/public/osa-final-v1.1/osa-final/backend/vendor/laravel/framework/src/Illuminate/Container/BoundMethod.php(36): Illuminate\\Database\\Console\\Migrations\\MigrateCommand->handle()
#23 /home/shouziqi/osa-management/public/osa-final-v1.1/osa-final/backend/vendor/laravel/framework/src/Illuminate/Container/Util.php(43): Illuminate\\Container\\BoundMethod::Illuminate\\Container\\{closure}()
#24 /home/shouziqi/osa-management/public/osa-final-v1.1/osa-final/backend/vendor/laravel/framework/src/Illuminate/Container/BoundMethod.php(96): Illuminate\\Container\\Util::unwrapIfClosure()
#25 /home/shouziqi/osa-management/public/osa-final-v1.1/osa-final/backend/vendor/laravel/framework/src/Illuminate/Container/BoundMethod.php(35): Illuminate\\Container\\BoundMethod::callBoundMethod()
#26 /home/shouziqi/osa-management/public/osa-final-v1.1/osa-final/backend/vendor/laravel/framework/src/Illuminate/Container/Container.php(799): Illuminate\\Container\\BoundMethod::call()
#27 /home/shouziqi/osa-management/public/osa-final-v1.1/osa-final/backend/vendor/laravel/framework/src/Illuminate/Console/Command.php(211): Illuminate\\Container\\Container->call()
#28 /home/shouziqi/osa-management/public/osa-final-v1.1/osa-final/backend/vendor/symfony/console/Command/Command.php(341): Illuminate\\Console\\Command->execute()
#29 /home/shouziqi/osa-management/public/osa-final-v1.1/osa-final/backend/vendor/laravel/framework/src/Illuminate/Console/Command.php(180): Symfony\\Component\\Console\\Command\\Command->run()
#30 /home/shouziqi/osa-management/public/osa-final-v1.1/osa-final/backend/vendor/symfony/console/Application.php(1117): Illuminate\\Console\\Command->run()
#31 /home/shouziqi/osa-management/public/osa-final-v1.1/osa-final/backend/vendor/symfony/console/Application.php(356): Symfony\\Component\\Console\\Application->doRunCommand()
#32 /home/shouziqi/osa-management/public/osa-final-v1.1/osa-final/backend/vendor/symfony/console/Application.php(195): Symfony\\Component\\Console\\Application->doRun()
#33 /home/shouziqi/osa-management/public/osa-final-v1.1/osa-final/backend/vendor/laravel/framework/src/Illuminate/Foundation/Console/Kernel.php(198): Symfony\\Component\\Console\\Application->run()
#34 /home/shouziqi/osa-management/public/osa-final-v1.1/osa-final/backend/vendor/laravel/framework/src/Illuminate/Foundation/Application.php(1235): Illuminate\\Foundation\\Console\\Kernel->handle()
#35 /home/shouziqi/osa-management/public/osa-final-v1.1/osa-final/backend/artisan(5): Illuminate\\Foundation\\Application->handleCommand()
#36 {main}
"} 
[2026-08-20 16:46:54] production.ERROR: Command "tinker" is not defined. {"exception":"[object] (Symfony\\Component\\Console\\Exception\\CommandNotFoundException(code: 0): Command \"tinker\" is not defined. at /home/shouziqi/osa-management/public/osa-final-v1.1/osa-final/backend/vendor/symfony/console/Application.php:759)
[stacktrace]
#0 /home/shouziqi/osa-management/public/osa-final-v1.1/osa-final/backend/vendor/symfony/console/Application.php(298): Symfony\\Component\\Console\\Application->find()
#1 /home/shouziqi/osa-management/public/osa-final-v1.1/osa-final/backend/vendor/symfony/console/Application.php(195): Symfony\\Component\\Console\\Application->doRun()
#2 /home/shouziqi/osa-management/public/osa-final-v1.1/osa-final/backend/vendor/laravel/framework/src/Illuminate/Foundation/Console/Kernel.php(198): Symfony\\Component\\Console\\Application->run()
#3 /home/shouziqi/osa-management/public/osa-final-v1.1/osa-final/backend/vendor/laravel/framework/src/Illuminate/Foundation/Application.php(1235): Illuminate\\Foundation\\Console\\Kernel->handle()
#4 /home/shouziqi/osa-management/public/osa-final-v1.1/osa-final/backend/artisan(5): Illuminate\\Foundation\\Application->handleCommand()
#5 {main}
"} 
[2026-08-20 17:02:23] production.ERROR: SQLSTATE[42S02]: Base table or view not found: 1146 Table 'shouziqi_osa.attendances' doesn't exist (Connection: mysql, Host: localhost, Port: 3306, Database: shouziqi_osa, SQL: select count(*) as aggregate from `attendances` where date(`date`) = 2026-08-20) {"userId":1,"exception":"[object] (Illuminate\\Database\\QueryException(code: 42S02): SQLSTATE[42S02]: Base table or view not found: 1146 Table 'shouziqi_osa.attendances' doesn't exist (Connection: mysql, Host: localhost, Port: 3306, Database: shouziqi_osa, SQL: select count(*) as aggregate from `attendances` where date(`date`) = 2026-08-20) at /home/shouziqi/osa-management/public/osa-final-v1.1/osa-final/backend/vendor/laravel/framework/src/Illuminate/Database/Connection.php:838)
[stacktrace]
#0 /home/shouziqi/osa-management/public/osa-final-v1.1/osa-final/backend/vendor/laravel/framework/src/Illuminate/Database/Connection.php(794): Illuminate\\Database\\Connection->runQueryCallback()
#1 /home/shouziqi/osa-management/public/osa-final-v1.1/osa-final/backend/vendor/laravel/framework/src/Illuminate/Database/Connection.php(411): Illuminate\\Database\\Connection->run()
#2 /home/shouziqi/osa-management/public/osa-final-v1.1/osa-final/backend/vendor/laravel/framework/src/Illuminate/Database/Query/Builder.php(3505): Illuminate\\Database\\Connection->select()
#3 /home/shouziqi/osa-management/public/osa-final-v1.1/osa-final/backend/vendor/laravel/framework/src/Illuminate/Database/Query/Builder.php(3490): Illuminate\\Database\\Query\\Builder->runSelect()
#4 /home/shouziqi/osa-management/public/osa-final-v1.1/osa-final/backend/vendor/laravel/framework/src/Illuminate/Database/Query/Builder.php(4080): Illuminate\\Database\\Query\\Builder->Illuminate\\Database\\Query\\{closure}()
#5 /home/shouziqi/osa-management/public/osa-final-v1.1/osa-final/backend/vendor/laravel/framework/src/Illuminate/Database/Query/Builder.php(3489): Illuminate\\Database\\Query\\Builder->onceWithColumns()
#6 /home/shouziqi/osa-management/public/osa-final-v1.1/osa-final/backend/vendor/laravel/framework/src/Illuminate/Database/Query/Builder.php(4004): Illuminate\\Database\\Query\\Builder->get()
#7 /home/shouziqi/osa-management/public/osa-final-v1.1/osa-final/backend/vendor/laravel/framework/src/Illuminate/Database/Query/Builder.php(3932): Illuminate\\Database\\Query\\Builder->aggregate()
#8 /home/shouziqi/osa-management/public/osa-final-v1.1/osa-final/backend/vendor/laravel/framework/src/Illuminate/Database/Eloquent/Builder.php(2237): Illuminate\\Database\\Query\\Builder->count()
#9 /home/shouziqi/osa-management/public/osa-final-v1.1/osa-final/backend/app/Http/Controllers/ApiController.php(8): Illuminate\\Database\\Eloquent\\Builder->__call()
#10 /home/shouziqi/osa-management/public/osa-final-v1.1/osa-final/backend/vendor/laravel/framework/src/Illuminate/Routing/ControllerDispatcher.php(46): App\\Http\\Controllers\\ApiController->dashboard()
#11 /home/shouziqi/osa-management/public/osa-final-v1.1/osa-final/backend/vendor/laravel/framework/src/Illuminate/Routing/Route.php(265): Illuminate\\Routing\\ControllerDispatcher->dispatch()
#12 /home/shouziqi/osa-management/public/osa-final-v1.1/osa-final/backend/vendor/laravel/framework/src/Illuminate/Routing/Route.php(211): Illuminate\\Routing\\Route->runController()
#13 /home/shouziqi/osa-management/public/osa-final-v1.1/osa-final/backend/vendor/laravel/framework/src/Illuminate/Routing/Router.php(822): Illuminate\\Routing\\Route->run()
#14 /home/shouziqi/osa-management/public/osa-final-v1.1/osa-final/backend/vendor/laravel/framework/src/Illuminate/Pipeline/Pipeline.php(180): Illuminate\\Routing\\Router->Illuminate\\Routing\\{closure}()
#15 /home/shouziqi/osa-management/public/osa-final-v1.1/osa-final/backend/vendor/laravel/framework/src/Illuminate/Routing/Middleware/SubstituteBindings.php(50): Illuminate\\Pipeline\\Pipeline->Illuminate\\Pipeline\\{closure}()
#16 /home/shouziqi/osa-management/public/osa-final-v1.1/osa-final/backend/vendor/laravel/framework/src/Illuminate/Pipeline/Pipeline.php(219): Illuminate\\Routing\\Middleware\\SubstituteBindings->handle()
#17 /home/shouziqi/osa-management/public/osa-final-v1.1/osa-final/backend/vendor/laravel/framework/src/Illuminate/Auth/Middleware/Authenticate.php(63): Illuminate\\Pipeline\\Pipeline->Illuminate\\Pipeline\\{closure}()
#18 /home/shouziqi/osa-management/public/osa-final-v1.1/osa-final/backend/vendor/laravel/framework/src/Illuminate/Pipeline/Pipeline.php(219): Illuminate\\Auth\\Middleware\\Authenticate->handle()
#19 /home/shouziqi/osa-management/public/osa-final-v1.1/osa-final/backend/vendor/laravel/framework/src/Illuminate/Pipeline/Pipeline.php(137): Illuminate\\Pipeline\\Pipeline->Illuminate\\Pipeline\\{closure}()
#20 /home/shouziqi/osa-management/public/osa-final-v1.1/osa-final/backend/vendor/laravel/framework/src/Illuminate/Routing/Router.php(821): Illuminate\\Pipeline\\Pipeline->then()
#21 /home/shouziqi/osa-management/public/osa-final-v1.1/osa-final/backend/vendor/laravel/framework/src/Illuminate/Routing/Router.php(800): Illuminate\\Routing\\Router->runRouteWithinStack()
#22 /home/shouziqi/osa-management/public/osa-final-v1.1/osa-final/backend/vendor/laravel/framework/src/Illuminate/Routing/Router.php(764): Illuminate\\Routing\\Router->runRoute()
#23 /home/shouziqi/osa-management/public/osa-final-v1.1/osa-final/backend/vendor/laravel/framework/src/Illuminate/Routing/Router.php(753): Illuminate\\Routing\\Router->dispatchToRoute()
#24 /home/shouziqi/osa-management/public/osa-final-v1.1/osa-final/backend/vendor/laravel/framework/src/Illuminate/Foundation/Http/Kernel.php(200): Illuminate\\Routing\\Router->dispatch()
#25 /home/shouziqi/osa-management/public/osa-final-v1.1/osa-final/backend/vendor/laravel/framework/src/Illuminate/Pipeline/Pipeline.php(180): Illuminate\\Foundation\\Http\\Kernel->Illuminate\\Foundation\\Http\\{closure}()
#26 /home/shouziqi/osa-management/public/osa-final-v1.1/osa-final/backend/vendor/laravel/framework/src/Illuminate/Foundation/Http/Middleware/TransformsRequest.php(21): Illuminate\\Pipeline\\Pipeline->Illuminate\\Pipeline\\{closure}()
#27 /home/shouziqi/osa-management/public/osa-final-v1.1/osa-final/backend/vendor/laravel/framework/src/Illuminate/Foundation/Http/Middleware/ConvertEmptyStringsToNull.php(31): Illuminate\\Foundation\\Http\\Middleware\\TransformsRequest->handle()
#28 /home/shouziqi/osa-management/public/osa-final-v1.1/osa-final/backend/vendor/laravel/framework/src/Illuminate/Pipeline/Pipeline.php(219): Illuminate\\Foundation\\Http\\Middleware\\ConvertEmptyStringsToNull->handle()
#29 /home/shouziqi/osa-management/public/osa-final-v1.1/osa-final/backend/vendor/laravel/framework/src/Illuminate/Foundation/Http/Middleware/TransformsRequest.php(21): Illuminate\\Pipeline\\Pipeline->Illuminate\\Pipeline\\{closure}()
#30 /home/shouziqi/osa-management/public/osa-final-v1.1/osa-final/backend/vendor/laravel/framework/src/Illuminate/Foundation/Http/Middleware/TrimStrings.php(51): Illuminate\\Foundation\\Http\\Middleware\\TransformsRequest->handle()
#31 /home/shouziqi/osa-management/public/osa-final-v1.1/osa-final/backend/vendor/laravel/framework/src/Illuminate/Pipeline/Pipeline.php(219): Illuminate\\Foundation\\Http\\Middleware\\TrimStrings->handle()
#32 /home/shouziqi/osa-management/public/osa-final-v1.1/osa-final/backend/vendor/laravel/framework/src/Illuminate/Http/Middleware/ValidatePostSize.php(27): Illuminate\\Pipeline\\Pipeline->Illuminate\\Pipeline\\{closure}()
#33 /home/shouziqi/osa-management/public/osa-final-v1.1/osa-final/backend/vendor/laravel/framework/src/Illuminate/Pipeline/Pipeline.php(219): Illuminate\\Http\\Middleware\\ValidatePostSize->handle()
#34 /home/shouziqi/osa-management/public/osa-final-v1.1/osa-final/backend/vendor/laravel/framework/src/Illuminate/Foundation/Http/Middleware/PreventRequestsDuringMaintenance.php(109): Illuminate\\Pipeline\\Pipeline->Illuminate\\Pipeline\\{closure}()
#35 /home/shouziqi/osa-management/public/osa-final-v1.1/osa-final/backend/vendor/laravel/framework/src/Illuminate/Pipeline/Pipeline.php(219): Illuminate\\Foundation\\Http\\Middleware\\PreventRequestsDuringMaintenance->handle()
#36 /home/shouziqi/osa-management/public/osa-final-v1.1/osa-final/backend/vendor/laravel/framework/src/Illuminate/Http/Middleware/HandleCors.php(74): Illuminate\\Pipeline\\Pipeline->Illuminate\\Pipeline\\{closure}()
#37 /home/shouziqi/osa-management/public/osa-final-v1.1/osa-final/backend/vendor/laravel/framework/src/Illuminate/Pipeline/Pipeline.php(219): Illuminate\\Http\\Middleware\\HandleCors->handle()
#38 /home/shouziqi/osa-management/public/osa-final-v1.1/osa-final/backend/vendor/laravel/framework/src/Illuminate/Http/Middleware/TrustProxies.php(58): Illuminate\\Pipeline\\Pipeline->Illuminate\\Pipeline\\{closure}()
#39 /home/shouziqi/osa-management/public/osa-final-v1.1/osa-final/backend/vendor/laravel/framework/src/Illuminate/Pipeline/Pipeline.php(219): Illuminate\\Http\\Middleware\\TrustProxies->handle()
#40 /home/shouziqi/osa-management/public/osa-final-v1.1/osa-final/backend/vendor/laravel/framework/src/Illuminate/Foundation/Http/Middleware/InvokeDeferredCallbacks.php(22): Illuminate\\Pipeline\\Pipeline->Illuminate\\Pipeline\\{closure}()
#41 /home/shouziqi/osa-management/public/osa-final-v1.1/osa-final/backend/vendor/laravel/framework/src/Illuminate/Pipeline/Pipeline.php(219): Illuminate\\Foundation\\Http\\Middleware\\InvokeDeferredCallbacks->handle()
#42 /home/shouziqi/osa-management/public/osa-final-v1.1/osa-final/backend/vendor/laravel/framework/src/Illuminate/Http/Middleware/ValidatePathEncoding.php(26): Illuminate\\Pipeline\\Pipeline->Illuminate\\Pipeline\\{closure}()
#43 /home/shouziqi/osa-management/public/osa-final-v1.1/osa-final/backend/vendor/laravel/framework/src/Illuminate/Pipeline/Pipeline.php(219): Illuminate\\Http\\Middleware\\ValidatePathEncoding->handle()
#44 /home/shouziqi/osa-management/public/osa-final-v1.1/osa-final/backend/vendor/laravel/framework/src/Illuminate/Pipeline/Pipeline.php(137): Illuminate\\Pipeline\\Pipeline->Illuminate\\Pipeline\\{closure}()
#45 /home/shouziqi/osa-management/public/osa-final-v1.1/osa-final/backend/vendor/laravel/framework/src/Illuminate/Foundation/Http/Kernel.php(175): Illuminate\\Pipeline\\Pipeline->then()
#46 /home/shouziqi/osa-management/public/osa-final-v1.1/osa-final/backend/vendor/laravel/framework/src/Illuminate/Foundation/Http/Kernel.php(144): Illuminate\\Foundation\\Http\\Kernel->sendRequestThroughRouter()
#47 /home/shouziqi/osa-management/public/osa-final-v1.1/osa-final/backend/vendor/laravel/framework/src/Illuminate/Foundation/Application.php(1220): Illuminate\\Foundation\\Http\\Kernel->handle()
#48 /home/shouziqi/osa-management/public/osa-final-v1.1/osa-final/backend/public/index.php(5): Illuminate\\Foundation\\Application->handleRequest()
#49 {main}

[previous exception] [object] (PDOException(code: 42S02): SQLSTATE[42S02]: Base table or view not found: 1146 Table 'shouziqi_osa.attendances' doesn't exist at /home/shouziqi/osa-management/public/osa-final-v1.1/osa-final/backend/vendor/laravel/framework/src/Illuminate/Database/Connection.php:420)
[stacktrace]
#0 /home/shouziqi/osa-management/public/osa-final-v1.1/osa-final/backend/vendor/laravel/framework/src/Illuminate/Database/Connection.php(420): PDO->prepare()
#1 /home/shouziqi/osa-management/public/osa-final-v1.1/osa-final/backend/vendor/laravel/framework/src/Illuminate/Database/Connection.php(827): Illuminate\\Database\\Connection->Illuminate\\Database\\{closure}()
#2 /home/shouziqi/osa-management/public/osa-final-v1.1/osa-final/backend/vendor/laravel/framework/src/Illuminate/Database/Connection.php(794): Illuminate\\Database\\Connection->runQueryCallback()
#3 /home/shouziqi/osa-management/public/osa-final-v1.1/osa-final/backend/vendor/laravel/framework/src/Illuminate/Database/Connection.php(411): Illuminate\\Database\\Connection->run()
#4 /home/shouziqi/osa-management/public/osa-final-v1.1/osa-final/backend/vendor/laravel/framework/src/Illuminate/Database/Query/Builder.php(3505): Illuminate\\Database\\Connection->select()
#5 /home/shouziqi/osa-management/public/osa-final-v1.1/osa-final/backend/vendor/laravel/framework/src/Illuminate/Database/Query/Builder.php(3490): Illuminate\\Database\\Query\\Builder->runSelect()
#6 /home/shouziqi/osa-management/public/osa-final-v1.1/osa-final/backend/vendor/laravel/framework/src/Illuminate/Database/Query/Builder.php(4080): Illuminate\\Database\\Query\\Builder->Illuminate\\Database\\Query\\{closure}()
#7 /home/shouziqi/osa-management/public/osa-final-v1.1/osa-final/backend/vendor/laravel/framework/src/Illuminate/Database/Query/Builder.php(3489): Illuminate\\Database\\Query\\Builder->onceWithColumns()
#8 /home/shouziqi/osa-management/public/osa-final-v1.1/osa-final/backend/vendor/laravel/framework/src/Illuminate/Database/Query/Builder.php(4004): Illuminate\\Database\\Query\\Builder->get()
#9 /home/shouziqi/osa-management/public/osa-final-v1.1/osa-final/backend/vendor/laravel/framework/src/Illuminate/Database/Query/Builder.php(3932): Illuminate\\Database\\Query\\Builder->aggregate()
#10 /home/shouziqi/osa-management/public/osa-final-v1.1/osa-final/backend/vendor/laravel/framework/src/Illuminate/Database/Eloquent/Builder.php(2237): Illuminate\\Database\\Query\\Builder->count()
#11 /home/shouziqi/osa-management/public/osa-final-v1.1/osa-final/backend/app/Http/Controllers/ApiController.php(8): Illuminate\\Database\\Eloquent\\Builder->__call()
#12 /home/shouziqi/osa-management/public/osa-final-v1.1/osa-final/backend/vendor/laravel/framework/src/Illuminate/Routing/ControllerDispatcher.php(46): App\\Http\\Controllers\\ApiController->dashboard()
#13 /home/shouziqi/osa-management/public/osa-final-v1.1/osa-final/backend/vendor/laravel/framework/src/Illuminate/Routing/Route.php(265): Illuminate\\Routing\\ControllerDispatcher->dispatch()
#14 /home/shouziqi/osa-management/public/osa-final-v1.1/osa-final/backend/vendor/laravel/framework/src/Illuminate/Routing/Route.php(211): Illuminate\\Routing\\Route->runController()
#15 /home/shouziqi/osa-management/public/osa-final-v1.1/osa-final/backend/vendor/laravel/framework/src/Illuminate/Routing/Router.php(822): Illuminate\\Routing\\Route->run()
#16 /home/shouziqi/osa-management/public/osa-final-v1.1/osa-final/backend/vendor/laravel/framework/src/Illuminate/Pipeline/Pipeline.php(180): Illuminate\\Routing\\Router->Illuminate\\Routing\\{closure}()
#17 /home/shouziqi/osa-management/public/osa-final-v1.1/osa-final/backend/vendor/laravel/framework/src/Illuminate/Routing/Middleware/SubstituteBindings.php(50): Illuminate\\Pipeline\\Pipeline->Illuminate\\Pipeline\\{closure}()
#18 /home/shouziqi/osa-management/public/osa-final-v1.1/osa-final/backend/vendor/laravel/framework/src/Illuminate/Pipeline/Pipeline.php(219): Illuminate\\Routing\\Middleware\\SubstituteBindings->handle()
#19 /home/shouziqi/osa-management/public/osa-final-v1.1/osa-final/backend/vendor/laravel/framework/src/Illuminate/Auth/Middleware/Authenticate.php(63): Illuminate\\Pipeline\\Pipeline->Illuminate\\Pipeline\\{closure}()
#20 /home/shouziqi/osa-management/public/osa-final-v1.1/osa-final/backend/vendor/laravel/framework/src/Illuminate/Pipeline/Pipeline.php(219): Illuminate\\Auth\\Middleware\\Authenticate->handle()
#21 /home/shouziqi/osa-management/public/osa-final-v1.1/osa-final/backend/vendor/laravel/framework/src/Illuminate/Pipeline/Pipeline.php(137): Illuminate\\Pipeline\\Pipeline->Illuminate\\Pipeline\\{closure}()
#22 /home/shouziqi/osa-management/public/osa-final-v1.1/osa-final/backend/vendor/laravel/framework/src/Illuminate/Routing/Router.php(821): Illuminate\\Pipeline\\Pipeline->then()
#23 /home/shouziqi/osa-management/public/osa-final-v1.1/osa-final/backend/vendor/laravel/framework/src/Illuminate/Routing/Router.php(800): Illuminate\\Routing\\Router->runRouteWithinStack()
#24 /home/shouziqi/osa-management/public/osa-final-v1.1/osa-final/backend/vendor/laravel/framework/src/Illuminate/Routing/Router.php(764): Illuminate\\Routing\\Router->runRoute()
#25 /home/shouziqi/osa-management/public/osa-final-v1.1/osa-final/backend/vendor/laravel/framework/src/Illuminate/Routing/Router.php(753): Illuminate\\Routing\\Router->dispatchToRoute()
#26 /home/shouziqi/osa-management/public/osa-final-v1.1/osa-final/backend/vendor/laravel/framework/src/Illuminate/Foundation/Http/Kernel.php(200): Illuminate\\Routing\\Router->dispatch()
#27 /home/shouziqi/osa-management/public/osa-final-v1.1/osa-final/backend/vendor/laravel/framework/src/Illuminate/Pipeline/Pipeline.php(180): Illuminate\\Foundation\\Http\\Kernel->Illuminate\\Foundation\\Http\\{closure}()
#28 /home/shouziqi/osa-management/public/osa-final-v1.1/osa-final/backend/vendor/laravel/framework/src/Illuminate/Foundation/Http/Middleware/TransformsRequest.php(21): Illuminate\\Pipeline\\Pipeline->Illuminate\\Pipeline\\{closure}()
#29 /home/shouziqi/osa-management/public/osa-final-v1.1/osa-final/backend/vendor/laravel/framework/src/Illuminate/Foundation/Http/Middleware/ConvertEmptyStringsToNull.php(31): Illuminate\\Foundation\\Http\\Middleware\\TransformsRequest->handle()
#30 /home/shouziqi/osa-management/public/osa-final-v1.1/osa-final/backend/vendor/laravel/framework/src/Illuminate/Pipeline/Pipeline.php(219): Illuminate\\Foundation\\Http\\Middleware\\ConvertEmptyStringsToNull->handle()
#31 /home/shouziqi/osa-management/public/osa-final-v1.1/osa-final/backend/vendor/laravel/framework/src/Illuminate/Foundation/Http/Middleware/TransformsRequest.php(21): Illuminate\\Pipeline\\Pipeline->Illuminate\\Pipeline\\{closure}()
#32 /home/shouziqi/osa-management/public/osa-final-v1.1/osa-final/backend/vendor/laravel/framework/src/Illuminate/Foundation/Http/Middleware/TrimStrings.php(51): Illuminate\\Foundation\\Http\\Middleware\\TransformsRequest->handle()
#33 /home/shouziqi/osa-management/public/osa-final-v1.1/osa-final/backend/vendor/laravel/framework/src/Illuminate/Pipeline/Pipeline.php(219): Illuminate\\Foundation\\Http\\Middleware\\TrimStrings->handle()
#34 /home/shouziqi/osa-management/public/osa-final-v1.1/osa-final/backend/vendor/laravel/framework/src/Illuminate/Http/Middleware/ValidatePostSize.php(27): Illuminate\\Pipeline\\Pipeline->Illuminate\\Pipeline\\{closure}()
#35 /home/shouziqi/osa-management/public/osa-final-v1.1/osa-final/backend/vendor/laravel/framework/src/Illuminate/Pipeline/Pipeline.php(219): Illuminate\\Http\\Middleware\\ValidatePostSize->handle()
#36 /home/shouziqi/osa-management/public/osa-final-v1.1/osa-final/backend/vendor/laravel/framework/src/Illuminate/Foundation/Http/Middleware/PreventRequestsDuringMaintenance.php(109): Illuminate\\Pipeline\\Pipeline->Illuminate\\Pipeline\\{closure}()
#37 /home/shouziqi/osa-management/public/osa-final-v1.1/osa-final/backend/vendor/laravel/framework/src/Illuminate/Pipeline/Pipeline.php(219): Illuminate\\Foundation\\Http\\Middleware\\PreventRequestsDuringMaintenance->handle()
#38 /home/shouziqi/osa-management/public/osa-final-v1.1/osa-final/backend/vendor/laravel/framework/src/Illuminate/Http/Middleware/HandleCors.php(74): Illuminate\\Pipeline\\Pipeline->Illuminate\\Pipeline\\{closure}()
#39 /home/shouziqi/osa-management/public/osa-final-v1.1/osa-final/backend/vendor/laravel/framework/src/Illuminate/Pipeline/Pipeline.php(219): Illuminate\\Http\\Middleware\\HandleCors->handle()
#40 /home/shouziqi/osa-management/public/osa-final-v1.1/osa-final/backend/vendor/laravel/framework/src/Illuminate/Http/Middleware/TrustProxies.php(58): Illuminate\\Pipeline\\Pipeline->Illuminate\\Pipeline\\{closure}()
#41 /home/shouziqi/osa-management/public/osa-final-v1.1/osa-final/backend/vendor/laravel/framework/src/Illuminate/Pipeline/Pipeline.php(219): Illuminate\\Http\\Middleware\\TrustProxies->handle()
#42 /home/shouziqi/osa-management/public/osa-final-v1.1/osa-final/backend/vendor/laravel/framework/src/Illuminate/Foundation/Http/Middleware/InvokeDeferredCallbacks.php(22): Illuminate\\Pipeline\\Pipeline->Illuminate\\Pipeline\\{closure}()
#43 /home/shouziqi/osa-management/public/osa-final-v1.1/osa-final/backend/vendor/laravel/framework/src/Illuminate/Pipeline/Pipeline.php(219): Illuminate\\Foundation\\Http\\Middleware\\InvokeDeferredCallbacks->handle()
#44 /home/shouziqi/osa-management/public/osa-final-v1.1/osa-final/backend/vendor/laravel/framework/src/Illuminate/Http/Middleware/ValidatePathEncoding.php(26): Illuminate\\Pipeline\\Pipeline->Illuminate\\Pipeline\\{closure}()
#45 /home/shouziqi/osa-management/public/osa-final-v1.1/osa-final/backend/vendor/laravel/framework/src/Illuminate/Pipeline/Pipeline.php(219): Illuminate\\Http\\Middleware\\ValidatePathEncoding->handle()
#46 /home/shouziqi/osa-management/public/osa-final-v1.1/osa-final/backend/vendor/laravel/framework/src/Illuminate/Pipeline/Pipeline.php(137): Illuminate\\Pipeline\\Pipeline->Illuminate\\Pipeline\\{closure}()
#47 /home/shouziqi/osa-management/public/osa-final-v1.1/osa-final/backend/vendor/laravel/framework/src/Illuminate/Foundation/Http/Kernel.php(175): Illuminate\\Pipeline\\Pipeline->then()
#48 /home/shouziqi/osa-management/public/osa-final-v1.1/osa-final/backend/vendor/laravel/framework/src/Illuminate/Foundation/Http/Kernel.php(144): Illuminate\\Foundation\\Http\\Kernel->sendRequestThroughRouter()
#49 /home/shouziqi/osa-management/public/osa-final-v1.1/osa-final/backend/vendor/laravel/framework/src/Illuminate/Foundation/Application.php(1220): Illuminate\\Foundation\\Http\\Kernel->handle()
#50 /home/shouziqi/osa-management/public/osa-final-v1.1/osa-final/backend/public/index.php(5): Illuminate\\Foundation\\Application->handleRequest()
#51 {main}
"} 
[2026-08-22 07:15:35] production.ERROR: Command "tinker" is not defined. {"exception":"[object] (Symfony\\Component\\Console\\Exception\\CommandNotFoundException(code: 0): Command \"tinker\" is not defined. at /home/shouziqi/osa-management/public/osa-final-v1.1/osa-final/backend/vendor/symfony/console/Application.php:759)
[stacktrace]
#0 /home/shouziqi/osa-management/public/osa-final-v1.1/osa-final/backend/vendor/symfony/console/Application.php(298): Symfony\\Component\\Console\\Application->find()
#1 /home/shouziqi/osa-management/public/osa-final-v1.1/osa-final/backend/vendor/symfony/console/Application.php(195): Symfony\\Component\\Console\\Application->doRun()
#2 /home/shouziqi/osa-management/public/osa-final-v1.1/osa-final/backend/vendor/laravel/framework/src/Illuminate/Foundation/Console/Kernel.php(198): Symfony\\Component\\Console\\Application->run()
#3 /home/shouziqi/osa-management/public/osa-final-v1.1/osa-final/backend/vendor/laravel/framework/src/Illuminate/Foundation/Application.php(1235): Illuminate\\Foundation\\Console\\Kernel->handle()
#4 /home/shouziqi/osa-management/public/osa-final-v1.1/osa-final/backend/artisan(5): Illuminate\\Foundation\\Application->handleCommand()
#5 {main}
"} 
[2026-09-01 16:33:53] production.ERROR: SQLSTATE[42000]: Syntax error or access violation: 1071 Specified key was too long; max key length is 1000 bytes (Connection: mysql, Host: localhost, Port: 3306, Database: shouziqi_osa, SQL: alter table `lessons` add index `lessons_type_status_index`(`type`, `status`)) {"exception":"[object] (Illuminate\\Database\\QueryException(code: 42000): SQLSTATE[42000]: Syntax error or access violation: 1071 Specified key was too long; max key length is 1000 bytes (Connection: mysql, Host: localhost, Port: 3306, Database: shouziqi_osa, SQL: alter table `lessons` add index `lessons_type_status_index`(`type`, `status`)) at /home/shouziqi/osa-management/public/osa-final-v1.1/osa-final/backend/vendor/laravel/framework/src/Illuminate/Database/Connection.php:838)
[stacktrace]
#0 /home/shouziqi/osa-management/public/osa-final-v1.1/osa-final/backend/vendor/laravel/framework/src/Illuminate/Database/Connection.php(794): Illuminate\\Database\\Connection->runQueryCallback()
#1 /home/shouziqi/osa-management/public/osa-final-v1.1/osa-final/backend/vendor/laravel/framework/src/Illuminate/Database/Connection.php(573): Illuminate\\Database\\Connection->run()
#2 /home/shouziqi/osa-management/public/osa-final-v1.1/osa-final/backend/vendor/laravel/framework/src/Illuminate/Database/Schema/Blueprint.php(121): Illuminate\\Database\\Connection->statement()
#3 /home/shouziqi/osa-management/public/osa-final-v1.1/osa-final/backend/vendor/laravel/framework/src/Illuminate/Database/Schema/Builder.php(686): Illuminate\\Database\\Schema\\Blueprint->build()
#4 /home/shouziqi/osa-management/public/osa-final-v1.1/osa-final/backend/vendor/laravel/framework/src/Illuminate/Database/Schema/Builder.php(506): Illuminate\\Database\\Schema\\Builder->build()
#5 /home/shouziqi/osa-management/public/osa-final-v1.1/osa-final/backend/vendor/laravel/framework/src/Illuminate/Support/Facades/Facade.php(363): Illuminate\\Database\\Schema\\Builder->create()
#6 /home/shouziqi/osa-management/public/osa-final-v1.1/osa-final/backend/database/migrations/2026_09_01_161144_create_osa_finance_and_lessons_system.php(111): Illuminate\\Support\\Facades\\Facade::__callStatic()
#7 /home/shouziqi/osa-management/public/osa-final-v1.1/osa-final/backend/vendor/laravel/framework/src/Illuminate/Database/Migrations/Migrator.php(517): Illuminate\\Database\\Migrations\\Migration@anonymous->up()
#8 /home/shouziqi/osa-management/public/osa-final-v1.1/osa-final/backend/vendor/laravel/framework/src/Illuminate/Database/Migrations/Migrator.php(442): Illuminate\\Database\\Migrations\\Migrator->runMethod()
#9 /home/shouziqi/osa-management/public/osa-final-v1.1/osa-final/backend/vendor/laravel/framework/src/Illuminate/Database/Migrations/Migrator.php(451): Illuminate\\Database\\Migrations\\Migrator->Illuminate\\Database\\Migrations\\{closure}()
#10 /home/shouziqi/osa-management/public/osa-final-v1.1/osa-final/backend/vendor/laravel/framework/src/Illuminate/Database/Migrations/Migrator.php(253): Illuminate\\Database\\Migrations\\Migrator->runMigration()
#11 /home/shouziqi/osa-management/public/osa-final-v1.1/osa-final/backend/vendor/laravel/framework/src/Illuminate/Console/View/Components/Task.php(41): Illuminate\\Database\\Migrations\\Migrator->Illuminate\\Database\\Migrations\\{closure}()
#12 /home/shouziqi/osa-management/public/osa-final-v1.1/osa-final/backend/vendor/laravel/framework/src/Illuminate/Database/Migrations/Migrator.php(814): Illuminate\\Console\\View\\Components\\Task->render()
#13 /home/shouziqi/osa-management/public/osa-final-v1.1/osa-final/backend/vendor/laravel/framework/src/Illuminate/Database/Migrations/Migrator.php(253): Illuminate\\Database\\Migrations\\Migrator->write()
#14 /home/shouziqi/osa-management/public/osa-final-v1.1/osa-final/backend/vendor/laravel/framework/src/Illuminate/Database/Migrations/Migrator.php(211): Illuminate\\Database\\Migrations\\Migrator->runUp()
#15 /home/shouziqi/osa-management/public/osa-final-v1.1/osa-final/backend/vendor/laravel/framework/src/Illuminate/Database/Migrations/Migrator.php(138): Illuminate\\Database\\Migrations\\Migrator->runPending()
#16 /home/shouziqi/osa-management/public/osa-final-v1.1/osa-final/backend/vendor/laravel/framework/src/Illuminate/Database/Console/Migrations/MigrateCommand.php(116): Illuminate\\Database\\Migrations\\Migrator->run()
#17 /home/shouziqi/osa-management/public/osa-final-v1.1/osa-final/backend/vendor/laravel/framework/src/Illuminate/Database/Migrations/Migrator.php(671): Illuminate\\Database\\Console\\Migrations\\MigrateCommand->Illuminate\\Database\\Console\\Migrations\\{closure}()
#18 /home/shouziqi/osa-management/public/osa-final-v1.1/osa-final/backend/vendor/laravel/framework/src/Illuminate/Database/Console/Migrations/MigrateCommand.php(109): Illuminate\\Database\\Migrations\\Migrator->usingConnection()
#19 /home/shouziqi/osa-management/public/osa-final-v1.1/osa-final/backend/vendor/laravel/framework/src/Illuminate/Database/Console/Migrations/MigrateCommand.php(88): Illuminate\\Database\\Console\\Migrations\\MigrateCommand->runMigrations()
#20 /home/shouziqi/osa-management/public/osa-final-v1.1/osa-final/backend/vendor/laravel/framework/src/Illuminate/Container/BoundMethod.php(36): Illuminate\\Database\\Console\\Migrations\\MigrateCommand->handle()
#21 /home/shouziqi/osa-management/public/osa-final-v1.1/osa-final/backend/vendor/laravel/framework/src/Illuminate/Container/Util.php(43): Illuminate\\Container\\BoundMethod::Illuminate\\Container\\{closure}()
#22 /home/shouziqi/osa-management/public/osa-final-v1.1/osa-final/backend/vendor/laravel/framework/src/Illuminate/Container/BoundMethod.php(96): Illuminate\\Container\\Util::unwrapIfClosure()
#23 /home/shouziqi/osa-management/public/osa-final-v1.1/osa-final/backend/vendor/laravel/framework/src/Illuminate/Container/BoundMethod.php(35): Illuminate\\Container\\BoundMethod::callBoundMethod()
#24 /home/shouziqi/osa-management/public/osa-final-v1.1/osa-final/backend/vendor/laravel/framework/src/Illuminate/Container/Container.php(799): Illuminate\\Container\\BoundMethod::call()
#25 /home/shouziqi/osa-management/public/osa-final-v1.1/osa-final/backend/vendor/laravel/framework/src/Illuminate/Console/Command.php(211): Illuminate\\Container\\Container->call()
#26 /home/shouziqi/osa-management/public/osa-final-v1.1/osa-final/backend/vendor/symfony/console/Command/Command.php(341): Illuminate\\Console\\Command->execute()
#27 /home/shouziqi/osa-management/public/osa-final-v1.1/osa-final/backend/vendor/laravel/framework/src/Illuminate/Console/Command.php(180): Symfony\\Component\\Console\\Command\\Command->run()
#28 /home/shouziqi/osa-management/public/osa-final-v1.1/osa-final/backend/vendor/symfony/console/Application.php(1117): Illuminate\\Console\\Command->run()
#29 /home/shouziqi/osa-management/public/osa-final-v1.1/osa-final/backend/vendor/symfony/console/Application.php(356): Symfony\\Component\\Console\\Application->doRunCommand()
#30 /home/shouziqi/osa-management/public/osa-final-v1.1/osa-final/backend/vendor/symfony/console/Application.php(195): Symfony\\Component\\Console\\Application->doRun()
#31 /home/shouziqi/osa-management/public/osa-final-v1.1/osa-final/backend/vendor/laravel/framework/src/Illuminate/Foundation/Console/Kernel.php(198): Symfony\\Component\\Console\\Application->run()
#32 /home/shouziqi/osa-management/public/osa-final-v1.1/osa-final/backend/vendor/laravel/framework/src/Illuminate/Foundation/Application.php(1235): Illuminate\\Foundation\\Console\\Kernel->handle()
#33 /home/shouziqi/osa-management/public/osa-final-v1.1/osa-final/backend/artisan(5): Illuminate\\Foundation\\Application->handleCommand()
#34 {main}

[previous exception] [object] (PDOException(code: 42000): SQLSTATE[42000]: Syntax error or access violation: 1071 Specified key was too long; max key length is 1000 bytes at /home/shouziqi/osa-management/public/osa-final-v1.1/osa-final/backend/vendor/laravel/framework/src/Illuminate/Database/Connection.php:584)
[stacktrace]
#0 /home/shouziqi/osa-management/public/osa-final-v1.1/osa-final/backend/vendor/laravel/framework/src/Illuminate/Database/Connection.php(584): PDOStatement->execute()
#1 /home/shouziqi/osa-management/public/osa-final-v1.1/osa-final/backend/vendor/laravel/framework/src/Illuminate/Database/Connection.php(827): Illuminate\\Database\\Connection->Illuminate\\Database\\{closure}()
#2 /home/shouziqi/osa-management/public/osa-final-v1.1/osa-final/backend/vendor/laravel/framework/src/Illuminate/Database/Connection.php(794): Illuminate\\Database\\Connection->runQueryCallback()
#3 /home/shouziqi/osa-management/public/osa-final-v1.1/osa-final/backend/vendor/laravel/framework/src/Illuminate/Database/Connection.php(573): Illuminate\\Database\\Connection->run()
#4 /home/shouziqi/osa-management/public/osa-final-v1.1/osa-final/backend/vendor/laravel/framework/src/Illuminate/Database/Schema/Blueprint.php(121): Illuminate\\Database\\Connection->statement()
#5 /home/shouziqi/osa-management/public/osa-final-v1.1/osa-final/backend/vendor/laravel/framework/src/Illuminate/Database/Schema/Builder.php(686): Illuminate\\Database\\Schema\\Blueprint->build()
#6 /home/shouziqi/osa-management/public/osa-final-v1.1/osa-final/backend/vendor/laravel/framework/src/Illuminate/Database/Schema/Builder.php(506): Illuminate\\Database\\Schema\\Builder->build()
#7 /home/shouziqi/osa-management/public/osa-final-v1.1/osa-final/backend/vendor/laravel/framework/src/Illuminate/Support/Facades/Facade.php(363): Illuminate\\Database\\Schema\\Builder->create()
#8 /home/shouziqi/osa-management/public/osa-final-v1.1/osa-final/backend/database/migrations/2026_09_01_161144_create_osa_finance_and_lessons_system.php(111): Illuminate\\Support\\Facades\\Facade::__callStatic()
#9 /home/shouziqi/osa-management/public/osa-final-v1.1/osa-final/backend/vendor/laravel/framework/src/Illuminate/Database/Migrations/Migrator.php(517): Illuminate\\Database\\Migrations\\Migration@anonymous->up()
#10 /home/shouziqi/osa-management/public/osa-final-v1.1/osa-final/backend/vendor/laravel/framework/src/Illuminate/Database/Migrations/Migrator.php(442): Illuminate\\Database\\Migrations\\Migrator->runMethod()
#11 /home/shouziqi/osa-management/public/osa-final-v1.1/osa-final/backend/vendor/laravel/framework/src/Illuminate/Database/Migrations/Migrator.php(451): Illuminate\\Database\\Migrations\\Migrator->Illuminate\\Database\\Migrations\\{closure}()
#12 /home/shouziqi/osa-management/public/osa-final-v1.1/osa-final/backend/vendor/laravel/framework/src/Illuminate/Database/Migrations/Migrator.php(253): Illuminate\\Database\\Migrations\\Migrator->runMigration()
#13 /home/shouziqi/osa-management/public/osa-final-v1.1/osa-final/backend/vendor/laravel/framework/src/Illuminate/Console/View/Components/Task.php(41): Illuminate\\Database\\Migrations\\Migrator->Illuminate\\Database\\Migrations\\{closure}()
#14 /home/shouziqi/osa-management/public/osa-final-v1.1/osa-final/backend/vendor/laravel/framework/src/Illuminate/Database/Migrations/Migrator.php(814): Illuminate\\Console\\View\\Components\\Task->render()
#15 /home/shouziqi/osa-management/public/osa-final-v1.1/osa-final/backend/vendor/laravel/framework/src/Illuminate/Database/Migrations/Migrator.php(253): Illuminate\\Database\\Migrations\\Migrator->write()
#16 /home/shouziqi/osa-management/public/osa-final-v1.1/osa-final/backend/vendor/laravel/framework/src/Illuminate/Database/Migrations/Migrator.php(211): Illuminate\\Database\\Migrations\\Migrator->runUp()
#17 /home/shouziqi/osa-management/public/osa-final-v1.1/osa-final/backend/vendor/laravel/framework/src/Illuminate/Database/Migrations/Migrator.php(138): Illuminate\\Database\\Migrations\\Migrator->runPending()
#18 /home/shouziqi/osa-management/public/osa-final-v1.1/osa-final/backend/vendor/laravel/framework/src/Illuminate/Database/Console/Migrations/MigrateCommand.php(116): Illuminate\\Database\\Migrations\\Migrator->run()
#19 /home/shouziqi/osa-management/public/osa-final-v1.1/osa-final/backend/vendor/laravel/framework/src/Illuminate/Database/Migrations/Migrator.php(671): Illuminate\\Database\\Console\\Migrations\\MigrateCommand->Illuminate\\Database\\Console\\Migrations\\{closure}()
#20 /home/shouziqi/osa-management/public/osa-final-v1.1/osa-final/backend/vendor/laravel/framework/src/Illuminate/Database/Console/Migrations/MigrateCommand.php(109): Illuminate\\Database\\Migrations\\Migrator->usingConnection()
#21 /home/shouziqi/osa-management/public/osa-final-v1.1/osa-final/backend/vendor/laravel/framework/src/Illuminate/Database/Console/Migrations/MigrateCommand.php(88): Illuminate\\Database\\Console\\Migrations\\MigrateCommand->runMigrations()
#22 /home/shouziqi/osa-management/public/osa-final-v1.1/osa-final/backend/vendor/laravel/framework/src/Illuminate/Container/BoundMethod.php(36): Illuminate\\Database\\Console\\Migrations\\MigrateCommand->handle()
#23 /home/shouziqi/osa-management/public/osa-final-v1.1/osa-final/backend/vendor/laravel/framework/src/Illuminate/Container/Util.php(43): Illuminate\\Container\\BoundMethod::Illuminate\\Container\\{closure}()
#24 /home/shouziqi/osa-management/public/osa-final-v1.1/osa-final/backend/vendor/laravel/framework/src/Illuminate/Container/BoundMethod.php(96): Illuminate\\Container\\Util::unwrapIfClosure()
#25 /home/shouziqi/osa-management/public/osa-final-v1.1/osa-final/backend/vendor/laravel/framework/src/Illuminate/Container/BoundMethod.php(35): Illuminate\\Container\\BoundMethod::callBoundMethod()
#26 /home/shouziqi/osa-management/public/osa-final-v1.1/osa-final/backend/vendor/laravel/framework/src/Illuminate/Container/Container.php(799): Illuminate\\Container\\BoundMethod::call()
#27 /home/shouziqi/osa-management/public/osa-final-v1.1/osa-final/backend/vendor/laravel/framework/src/Illuminate/Console/Command.php(211): Illuminate\\Container\\Container->call()
#28 /home/shouziqi/osa-management/public/osa-final-v1.1/osa-final/backend/vendor/symfony/console/Command/Command.php(341): Illuminate\\Console\\Command->execute()
#29 /home/shouziqi/osa-management/public/osa-final-v1.1/osa-final/backend/vendor/laravel/framework/src/Illuminate/Console/Command.php(180): Symfony\\Component\\Console\\Command\\Command->run()
#30 /home/shouziqi/osa-management/public/osa-final-v1.1/osa-final/backend/vendor/symfony/console/Application.php(1117): Illuminate\\Console\\Command->run()
#31 /home/shouziqi/osa-management/public/osa-final-v1.1/osa-final/backend/vendor/symfony/console/Application.php(356): Symfony\\Component\\Console\\Application->doRunCommand()
#32 /home/shouziqi/osa-management/public/osa-final-v1.1/osa-final/backend/vendor/symfony/console/Application.php(195): Symfony\\Component\\Console\\Application->doRun()
#33 /home/shouziqi/osa-management/public/osa-final-v1.1/osa-final/backend/vendor/laravel/framework/src/Illuminate/Foundation/Console/Kernel.php(198): Symfony\\Component\\Console\\Application->run()
#34 /home/shouziqi/osa-management/public/osa-final-v1.1/osa-final/backend/vendor/laravel/framework/src/Illuminate/Foundation/Application.php(1235): Illuminate\\Foundation\\Console\\Kernel->handle()
#35 /home/shouziqi/osa-management/public/osa-final-v1.1/osa-final/backend/artisan(5): Illuminate\\Foundation\\Application->handleCommand()
#36 {main}
"} 
[2026-09-01 16:35:22] production.ERROR: Command "tinker" is not defined. {"exception":"[object] (Symfony\\Component\\Console\\Exception\\CommandNotFoundException(code: 0): Command \"tinker\" is not defined. at /home/shouziqi/osa-management/public/osa-final-v1.1/osa-final/backend/vendor/symfony/console/Application.php:759)
[stacktrace]
#0 /home/shouziqi/osa-management/public/osa-final-v1.1/osa-final/backend/vendor/symfony/console/Application.php(298): Symfony\\Component\\Console\\Application->find()
#1 /home/shouziqi/osa-management/public/osa-final-v1.1/osa-final/backend/vendor/symfony/console/Application.php(195): Symfony\\Component\\Console\\Application->doRun()
#2 /home/shouziqi/osa-management/public/osa-final-v1.1/osa-final/backend/vendor/laravel/framework/src/Illuminate/Foundation/Console/Kernel.php(198): Symfony\\Component\\Console\\Application->run()
#3 /home/shouziqi/osa-management/public/osa-final-v1.1/osa-final/backend/vendor/laravel/framework/src/Illuminate/Foundation/Application.php(1235): Illuminate\\Foundation\\Console\\Kernel->handle()
#4 /home/shouziqi/osa-management/public/osa-final-v1.1/osa-final/backend/artisan(5): Illuminate\\Foundation\\Application->handleCommand()
#5 {main}
"} 
[2026-09-01 16:48:45] production.ERROR: Command "tinker" is not defined. {"exception":"[object] (Symfony\\Component\\Console\\Exception\\CommandNotFoundException(code: 0): Command \"tinker\" is not defined. at /home/shouziqi/osa-management/public/osa-final-v1.1/osa-final/backend/vendor/symfony/console/Application.php:759)
[stacktrace]
#0 /home/shouziqi/osa-management/public/osa-final-v1.1/osa-final/backend/vendor/symfony/console/Application.php(298): Symfony\\Component\\Console\\Application->find()
#1 /home/shouziqi/osa-management/public/osa-final-v1.1/osa-final/backend/vendor/symfony/console/Application.php(195): Symfony\\Component\\Console\\Application->doRun()
#2 /home/shouziqi/osa-management/public/osa-final-v1.1/osa-final/backend/vendor/laravel/framework/src/Illuminate/Foundation/Console/Kernel.php(198): Symfony\\Component\\Console\\Application->run()
#3 /home/shouziqi/osa-management/public/osa-final-v1.1/osa-final/backend/vendor/laravel/framework/src/Illuminate/Foundation/Application.php(1235): Illuminate\\Foundation\\Console\\Kernel->handle()
#4 /home/shouziqi/osa-management/public/osa-final-v1.1/osa-final/backend/artisan(5): Illuminate\\Foundation\\Application->handleCommand()
#5 {main}
"} 
[2026-09-01 17:05:02] production.ERROR: SQLSTATE[42000]: Syntax error or access violation: 1071 Specified key was too long; max key length is 1000 bytes (Connection: mysql, Host: localhost, Port: 3306, Database: shouziqi_osa, SQL: alter table `bonuses` add index `bonuses_recipient_type_recipient_id_index`(`recipient_type`, `recipient_id`)) {"exception":"[object] (Illuminate\\Database\\QueryException(code: 42000): SQLSTATE[42000]: Syntax error or access violation: 1071 Specified key was too long; max key length is 1000 bytes (Connection: mysql, Host: localhost, Port: 3306, Database: shouziqi_osa, SQL: alter table `bonuses` add index `bonuses_recipient_type_recipient_id_index`(`recipient_type`, `recipient_id`)) at /home/shouziqi/osa-management/public/osa-final-v1.1/osa-final/backend/vendor/laravel/framework/src/Illuminate/Database/Connection.php:838)
[stacktrace]
#0 /home/shouziqi/osa-management/public/osa-final-v1.1/osa-final/backend/vendor/laravel/framework/src/Illuminate/Database/Connection.php(794): Illuminate\\Database\\Connection->runQueryCallback()
#1 /home/shouziqi/osa-management/public/osa-final-v1.1/osa-final/backend/vendor/laravel/framework/src/Illuminate/Database/Connection.php(573): Illuminate\\Database\\Connection->run()
#2 /home/shouziqi/osa-management/public/osa-final-v1.1/osa-final/backend/vendor/laravel/framework/src/Illuminate/Database/Schema/Blueprint.php(121): Illuminate\\Database\\Connection->statement()
#3 /home/shouziqi/osa-management/public/osa-final-v1.1/osa-final/backend/vendor/laravel/framework/src/Illuminate/Database/Schema/Builder.php(686): Illuminate\\Database\\Schema\\Blueprint->build()
#4 /home/shouziqi/osa-management/public/osa-final-v1.1/osa-final/backend/vendor/laravel/framework/src/Illuminate/Database/Schema/Builder.php(506): Illuminate\\Database\\Schema\\Builder->build()
#5 /home/shouziqi/osa-management/public/osa-final-v1.1/osa-final/backend/vendor/laravel/framework/src/Illuminate/Support/Facades/Facade.php(363): Illuminate\\Database\\Schema\\Builder->create()
#6 /home/shouziqi/osa-management/public/osa-final-v1.1/osa-final/backend/database/migrations/2026_09_01_161144_create_osa_finance_and_lessons_system.php(254): Illuminate\\Support\\Facades\\Facade::__callStatic()
#7 /home/shouziqi/osa-management/public/osa-final-v1.1/osa-final/backend/vendor/laravel/framework/src/Illuminate/Database/Migrations/Migrator.php(517): Illuminate\\Database\\Migrations\\Migration@anonymous->up()
#8 /home/shouziqi/osa-management/public/osa-final-v1.1/osa-final/backend/vendor/laravel/framework/src/Illuminate/Database/Migrations/Migrator.php(442): Illuminate\\Database\\Migrations\\Migrator->runMethod()
#9 /home/shouziqi/osa-management/public/osa-final-v1.1/osa-final/backend/vendor/laravel/framework/src/Illuminate/Database/Migrations/Migrator.php(451): Illuminate\\Database\\Migrations\\Migrator->Illuminate\\Database\\Migrations\\{closure}()
#10 /home/shouziqi/osa-management/public/osa-final-v1.1/osa-final/backend/vendor/laravel/framework/src/Illuminate/Database/Migrations/Migrator.php(253): Illuminate\\Database\\Migrations\\Migrator->runMigration()
#11 /home/shouziqi/osa-management/public/osa-final-v1.1/osa-final/backend/vendor/laravel/framework/src/Illuminate/Console/View/Components/Task.php(41): Illuminate\\Database\\Migrations\\Migrator->Illuminate\\Database\\Migrations\\{closure}()
#12 /home/shouziqi/osa-management/public/osa-final-v1.1/osa-final/backend/vendor/laravel/framework/src/Illuminate/Database/Migrations/Migrator.php(814): Illuminate\\Console\\View\\Components\\Task->render()
#13 /home/shouziqi/osa-management/public/osa-final-v1.1/osa-final/backend/vendor/laravel/framework/src/Illuminate/Database/Migrations/Migrator.php(253): Illuminate\\Database\\Migrations\\Migrator->write()
#14 /home/shouziqi/osa-management/public/osa-final-v1.1/osa-final/backend/vendor/laravel/framework/src/Illuminate/Database/Migrations/Migrator.php(211): Illuminate\\Database\\Migrations\\Migrator->runUp()
#15 /home/shouziqi/osa-management/public/osa-final-v1.1/osa-final/backend/vendor/laravel/framework/src/Illuminate/Database/Migrations/Migrator.php(138): Illuminate\\Database\\Migrations\\Migrator->runPending()
#16 /home/shouziqi/osa-management/public/osa-final-v1.1/osa-final/backend/vendor/laravel/framework/src/Illuminate/Database/Console/Migrations/MigrateCommand.php(116): Illuminate\\Database\\Migrations\\Migrator->run()
#17 /home/shouziqi/osa-management/public/osa-final-v1.1/osa-final/backend/vendor/laravel/framework/src/Illuminate/Database/Migrations/Migrator.php(671): Illuminate\\Database\\Console\\Migrations\\MigrateCommand->Illuminate\\Database\\Console\\Migrations\\{closure}()
#18 /home/shouziqi/osa-management/public/osa-final-v1.1/osa-final/backend/vendor/laravel/framework/src/Illuminate/Database/Console/Migrations/MigrateCommand.php(109): Illuminate\\Database\\Migrations\\Migrator->usingConnection()
#19 /home/shouziqi/osa-management/public/osa-final-v1.1/osa-final/backend/vendor/laravel/framework/src/Illuminate/Database/Console/Migrations/MigrateCommand.php(88): Illuminate\\Database\\Console\\Migrations\\MigrateCommand->runMigrations()
#20 /home/shouziqi/osa-management/public/osa-final-v1.1/osa-final/backend/vendor/laravel/framework/src/Illuminate/Container/BoundMethod.php(36): Illuminate\\Database\\Console\\Migrations\\MigrateCommand->handle()
#21 /home/shouziqi/osa-management/public/osa-final-v1.1/osa-final/backend/vendor/laravel/framework/src/Illuminate/Container/Util.php(43): Illuminate\\Container\\BoundMethod::Illuminate\\Container\\{closure}()
#22 /home/shouziqi/osa-management/public/osa-final-v1.1/osa-final/backend/vendor/laravel/framework/src/Illuminate/Container/BoundMethod.php(96): Illuminate\\Container\\Util::unwrapIfClosure()
#23 /home/shouziqi/osa-management/public/osa-final-v1.1/osa-final/backend/vendor/laravel/framework/src/Illuminate/Container/BoundMethod.php(35): Illuminate\\Container\\BoundMethod::callBoundMethod()
#24 /home/shouziqi/osa-management/public/osa-final-v1.1/osa-final/backend/vendor/laravel/framework/src/Illuminate/Container/Container.php(799): Illuminate\\Container\\BoundMethod::call()
#25 /home/shouziqi/osa-management/public/osa-final-v1.1/osa-final/backend/vendor/laravel/framework/src/Illuminate/Console/Command.php(211): Illuminate\\Container\\Container->call()
#26 /home/shouziqi/osa-management/public/osa-final-v1.1/osa-final/backend/vendor/symfony/console/Command/Command.php(341): Illuminate\\Console\\Command->execute()
#27 /home/shouziqi/osa-management/public/osa-final-v1.1/osa-final/backend/vendor/laravel/framework/src/Illuminate/Console/Command.php(180): Symfony\\Component\\Console\\Command\\Command->run()
#28 /home/shouziqi/osa-management/public/osa-final-v1.1/osa-final/backend/vendor/symfony/console/Application.php(1117): Illuminate\\Console\\Command->run()
#29 /home/shouziqi/osa-management/public/osa-final-v1.1/osa-final/backend/vendor/symfony/console/Application.php(356): Symfony\\Component\\Console\\Application->doRunCommand()
#30 /home/shouziqi/osa-management/public/osa-final-v1.1/osa-final/backend/vendor/symfony/console/Application.php(195): Symfony\\Component\\Console\\Application->doRun()
#31 /home/shouziqi/osa-management/public/osa-final-v1.1/osa-final/backend/vendor/laravel/framework/src/Illuminate/Foundation/Console/Kernel.php(198): Symfony\\Component\\Console\\Application->run()
#32 /home/shouziqi/osa-management/public/osa-final-v1.1/osa-final/backend/vendor/laravel/framework/src/Illuminate/Foundation/Application.php(1235): Illuminate\\Foundation\\Console\\Kernel->handle()
#33 /home/shouziqi/osa-management/public/osa-final-v1.1/osa-final/backend/artisan(5): Illuminate\\Foundation\\Application->handleCommand()
#34 {main}

[previous exception] [object] (PDOException(code: 42000): SQLSTATE[42000]: Syntax error or access violation: 1071 Specified key was too long; max key length is 1000 bytes at /home/shouziqi/osa-management/public/osa-final-v1.1/osa-final/backend/vendor/laravel/framework/src/Illuminate/Database/Connection.php:584)
[stacktrace]
#0 /home/shouziqi/osa-management/public/osa-final-v1.1/osa-final/backend/vendor/laravel/framework/src/Illuminate/Database/Connection.php(584): PDOStatement->execute()
#1 /home/shouziqi/osa-management/public/osa-final-v1.1/osa-final/backend/vendor/laravel/framework/src/Illuminate/Database/Connection.php(827): Illuminate\\Database\\Connection->Illuminate\\Database\\{closure}()
#2 /home/shouziqi/osa-management/public/osa-final-v1.1/osa-final/backend/vendor/laravel/framework/src/Illuminate/Database/Connection.php(794): Illuminate\\Database\\Connection->runQueryCallback()
#3 /home/shouziqi/osa-management/public/osa-final-v1.1/osa-final/backend/vendor/laravel/framework/src/Illuminate/Database/Connection.php(573): Illuminate\\Database\\Connection->run()
#4 /home/shouziqi/osa-management/public/osa-final-v1.1/osa-final/backend/vendor/laravel/framework/src/Illuminate/Database/Schema/Blueprint.php(121): Illuminate\\Database\\Connection->statement()
#5 /home/shouziqi/osa-management/public/osa-final-v1.1/osa-final/backend/vendor/laravel/framework/src/Illuminate/Database/Schema/Builder.php(686): Illuminate\\Database\\Schema\\Blueprint->build()
#6 /home/shouziqi/osa-management/public/osa-final-v1.1/osa-final/backend/vendor/laravel/framework/src/Illuminate/Database/Schema/Builder.php(506): Illuminate\\Database\\Schema\\Builder->build()
#7 /home/shouziqi/osa-management/public/osa-final-v1.1/osa-final/backend/vendor/laravel/framework/src/Illuminate/Support/Facades/Facade.php(363): Illuminate\\Database\\Schema\\Builder->create()
#8 /home/shouziqi/osa-management/public/osa-final-v1.1/osa-final/backend/database/migrations/2026_09_01_161144_create_osa_finance_and_lessons_system.php(254): Illuminate\\Support\\Facades\\Facade::__callStatic()
#9 /home/shouziqi/osa-management/public/osa-final-v1.1/osa-final/backend/vendor/laravel/framework/src/Illuminate/Database/Migrations/Migrator.php(517): Illuminate\\Database\\Migrations\\Migration@anonymous->up()
#10 /home/shouziqi/osa-management/public/osa-final-v1.1/osa-final/backend/vendor/laravel/framework/src/Illuminate/Database/Migrations/Migrator.php(442): Illuminate\\Database\\Migrations\\Migrator->runMethod()
#11 /home/shouziqi/osa-management/public/osa-final-v1.1/osa-final/backend/vendor/laravel/framework/src/Illuminate/Database/Migrations/Migrator.php(451): Illuminate\\Database\\Migrations\\Migrator->Illuminate\\Database\\Migrations\\{closure}()
#12 /home/shouziqi/osa-management/public/osa-final-v1.1/osa-final/backend/vendor/laravel/framework/src/Illuminate/Database/Migrations/Migrator.php(253): Illuminate\\Database\\Migrations\\Migrator->runMigration()
#13 /home/shouziqi/osa-management/public/osa-final-v1.1/osa-final/backend/vendor/laravel/framework/src/Illuminate/Console/View/Components/Task.php(41): Illuminate\\Database\\Migrations\\Migrator->Illuminate\\Database\\Migrations\\{closure}()
#14 /home/shouziqi/osa-management/public/osa-final-v1.1/osa-final/backend/vendor/laravel/framework/src/Illuminate/Database/Migrations/Migrator.php(814): Illuminate\\Console\\View\\Components\\Task->render()
#15 /home/shouziqi/osa-management/public/osa-final-v1.1/osa-final/backend/vendor/laravel/framework/src/Illuminate/Database/Migrations/Migrator.php(253): Illuminate\\Database\\Migrations\\Migrator->write()
#16 /home/shouziqi/osa-management/public/osa-final-v1.1/osa-final/backend/vendor/laravel/framework/src/Illuminate/Database/Migrations/Migrator.php(211): Illuminate\\Database\\Migrations\\Migrator->runUp()
#17 /home/shouziqi/osa-management/public/osa-final-v1.1/osa-final/backend/vendor/laravel/framework/src/Illuminate/Database/Migrations/Migrator.php(138): Illuminate\\Database\\Migrations\\Migrator->runPending()
#18 /home/shouziqi/osa-management/public/osa-final-v1.1/osa-final/backend/vendor/laravel/framework/src/Illuminate/Database/Console/Migrations/MigrateCommand.php(116): Illuminate\\Database\\Migrations\\Migrator->run()
#19 /home/shouziqi/osa-management/public/osa-final-v1.1/osa-final/backend/vendor/laravel/framework/src/Illuminate/Database/Migrations/Migrator.php(671): Illuminate\\Database\\Console\\Migrations\\MigrateCommand->Illuminate\\Database\\Console\\Migrations\\{closure}()
#20 /home/shouziqi/osa-management/public/osa-final-v1.1/osa-final/backend/vendor/laravel/framework/src/Illuminate/Database/Console/Migrations/MigrateCommand.php(109): Illuminate\\Database\\Migrations\\Migrator->usingConnection()
#21 /home/shouziqi/osa-management/public/osa-final-v1.1/osa-final/backend/vendor/laravel/framework/src/Illuminate/Database/Console/Migrations/MigrateCommand.php(88): Illuminate\\Database\\Console\\Migrations\\MigrateCommand->runMigrations()
#22 /home/shouziqi/osa-management/public/osa-final-v1.1/osa-final/backend/vendor/laravel/framework/src/Illuminate/Container/BoundMethod.php(36): Illuminate\\Database\\Console\\Migrations\\MigrateCommand->handle()
#23 /home/shouziqi/osa-management/public/osa-final-v1.1/osa-final/backend/vendor/laravel/framework/src/Illuminate/Container/Util.php(43): Illuminate\\Container\\BoundMethod::Illuminate\\Container\\{closure}()
#24 /home/shouziqi/osa-management/public/osa-final-v1.1/osa-final/backend/vendor/laravel/framework/src/Illuminate/Container/BoundMethod.php(96): Illuminate\\Container\\Util::unwrapIfClosure()
#25 /home/shouziqi/osa-management/public/osa-final-v1.1/osa-final/backend/vendor/laravel/framework/src/Illuminate/Container/BoundMethod.php(35): Illuminate\\Container\\BoundMethod::callBoundMethod()
#26 /home/shouziqi/osa-management/public/osa-final-v1.1/osa-final/backend/vendor/laravel/framework/src/Illuminate/Container/Container.php(799): Illuminate\\Container\\BoundMethod::call()
#27 /home/shouziqi/osa-management/public/osa-final-v1.1/osa-final/backend/vendor/laravel/framework/src/Illuminate/Console/Command.php(211): Illuminate\\Container\\Container->call()
#28 /home/shouziqi/osa-management/public/osa-final-v1.1/osa-final/backend/vendor/symfony/console/Command/Command.php(341): Illuminate\\Console\\Command->execute()
#29 /home/shouziqi/osa-management/public/osa-final-v1.1/osa-final/backend/vendor/laravel/framework/src/Illuminate/Console/Command.php(180): Symfony\\Component\\Console\\Command\\Command->run()
#30 /home/shouziqi/osa-management/public/osa-final-v1.1/osa-final/backend/vendor/symfony/console/Application.php(1117): Illuminate\\Console\\Command->run()
#31 /home/shouziqi/osa-management/public/osa-final-v1.1/osa-final/backend/vendor/symfony/console/Application.php(356): Symfony\\Component\\Console\\Application->doRunCommand()
#32 /home/shouziqi/osa-management/public/osa-final-v1.1/osa-final/backend/vendor/symfony/console/Application.php(195): Symfony\\Component\\Console\\Application->doRun()
#33 /home/shouziqi/osa-management/public/osa-final-v1.1/osa-final/backend/vendor/laravel/framework/src/Illuminate/Foundation/Console/Kernel.php(198): Symfony\\Component\\Console\\Application->run()
#34 /home/shouziqi/osa-management/public/osa-final-v1.1/osa-final/backend/vendor/laravel/framework/src/Illuminate/Foundation/Application.php(1235): Illuminate\\Foundation\\Console\\Kernel->handle()
#35 /home/shouziqi/osa-management/public/osa-final-v1.1/osa-final/backend/artisan(5): Illuminate\\Foundation\\Application->handleCommand()
#36 {main}
"} 
[2026-09-01 20:43:37] production.ERROR: No arguments expected for "route:list" command, got "app/Http/Controllers/FinanceController.php". {"exception":"[object] (Symfony\\Component\\Console\\Exception\\RuntimeException(code: 0): No arguments expected for \"route:list\" command, got \"app/Http/Controllers/FinanceController.php\". at /home/shouziqi/osa-management/public/osa-final-v1.1/osa-final/backend/vendor/symfony/console/Input/ArgvInput.php:199)
[stacktrace]
#0 /home/shouziqi/osa-management/public/osa-final-v1.1/osa-final/backend/vendor/symfony/console/Input/ArgvInput.php(92): Symfony\\Component\\Console\\Input\\ArgvInput->parseArgument()
#1 /home/shouziqi/osa-management/public/osa-final-v1.1/osa-final/backend/vendor/symfony/console/Input/ArgvInput.php(77): Symfony\\Component\\Console\\Input\\ArgvInput->parseToken()
#2 /home/shouziqi/osa-management/public/osa-final-v1.1/osa-final/backend/vendor/symfony/console/Input/Input.php(53): Symfony\\Component\\Console\\Input\\ArgvInput->parse()
#3 /home/shouziqi/osa-management/public/osa-final-v1.1/osa-final/backend/vendor/symfony/console/Command/Command.php(295): Symfony\\Component\\Console\\Input\\Input->bind()
#4 /home/shouziqi/osa-management/public/osa-final-v1.1/osa-final/backend/vendor/laravel/framework/src/Illuminate/Console/Command.php(180): Symfony\\Component\\Console\\Command\\Command->run()
#5 /home/shouziqi/osa-management/public/osa-final-v1.1/osa-final/backend/vendor/symfony/console/Application.php(1117): Illuminate\\Console\\Command->run()
#6 /home/shouziqi/osa-management/public/osa-final-v1.1/osa-final/backend/vendor/symfony/console/Application.php(356): Symfony\\Component\\Console\\Application->doRunCommand()
#7 /home/shouziqi/osa-management/public/osa-final-v1.1/osa-final/backend/vendor/symfony/console/Application.php(195): Symfony\\Component\\Console\\Application->doRun()
#8 /home/shouziqi/osa-management/public/osa-final-v1.1/osa-final/backend/vendor/laravel/framework/src/Illuminate/Foundation/Console/Kernel.php(198): Symfony\\Component\\Console\\Application->run()
#9 /home/shouziqi/osa-management/public/osa-final-v1.1/osa-final/backend/vendor/laravel/framework/src/Illuminate/Foundation/Application.php(1235): Illuminate\\Foundation\\Console\\Kernel->handle()
#10 /home/shouziqi/osa-management/public/osa-final-v1.1/osa-final/backend/artisan(5): Illuminate\\Foundation\\Application->handleCommand()
#11 {main}
"} 
[2026-09-01 21:26:33] production.ERROR: Command "tinker" is not defined. {"exception":"[object] (Symfony\\Component\\Console\\Exception\\CommandNotFoundException(code: 0): Command \"tinker\" is not defined. at /home/shouziqi/osa-management/public/osa-final-v1.1/osa-final/backend/vendor/symfony/console/Application.php:759)
[stacktrace]
#0 /home/shouziqi/osa-management/public/osa-final-v1.1/osa-final/backend/vendor/symfony/console/Application.php(298): Symfony\\Component\\Console\\Application->find()
#1 /home/shouziqi/osa-management/public/osa-final-v1.1/osa-final/backend/vendor/symfony/console/Application.php(195): Symfony\\Component\\Console\\Application->doRun()
#2 /home/shouziqi/osa-management/public/osa-final-v1.1/osa-final/backend/vendor/laravel/framework/src/Illuminate/Foundation/Console/Kernel.php(198): Symfony\\Component\\Console\\Application->run()
#3 /home/shouziqi/osa-management/public/osa-final-v1.1/osa-final/backend/vendor/laravel/framework/src/Illuminate/Foundation/Application.php(1235): Illuminate\\Foundation\\Console\\Kernel->handle()
#4 /home/shouziqi/osa-management/public/osa-final-v1.1/osa-final/backend/artisan(5): Illuminate\\Foundation\\Application->handleCommand()
#5 {main}
"} 
[2026-09-01 21:28:24] production.ERROR: Command "tinker" is not defined. {"exception":"[object] (Symfony\\Component\\Console\\Exception\\CommandNotFoundException(code: 0): Command \"tinker\" is not defined. at /home/shouziqi/osa-management/public/osa-final-v1.1/osa-final/backend/vendor/symfony/console/Application.php:759)
[stacktrace]
#0 /home/shouziqi/osa-management/public/osa-final-v1.1/osa-final/backend/vendor/symfony/console/Application.php(298): Symfony\\Component\\Console\\Application->find()
#1 /home/shouziqi/osa-management/public/osa-final-v1.1/osa-final/backend/vendor/symfony/console/Application.php(195): Symfony\\Component\\Console\\Application->doRun()
#2 /home/shouziqi/osa-management/public/osa-final-v1.1/osa-final/backend/vendor/laravel/framework/src/Illuminate/Foundation/Console/Kernel.php(198): Symfony\\Component\\Console\\Application->run()
#3 /home/shouziqi/osa-management/public/osa-final-v1.1/osa-final/backend/vendor/laravel/framework/src/Illuminate/Foundation/Application.php(1235): Illuminate\\Foundation\\Console\\Kernel->handle()
#4 /home/shouziqi/osa-management/public/osa-final-v1.1/osa-final/backend/artisan(5): Illuminate\\Foundation\\Application->handleCommand()
#5 {main}
"} 
[2026-09-01 21:32:24] production.ERROR: Route [login] not defined. {"exception":"[object] (Symfony\\Component\\Routing\\Exception\\RouteNotFoundException(code: 0): Route [login] not defined. at /home/shouziqi/osa-management/public/osa-final-v1.1/osa-final/backend/vendor/laravel/framework/src/Illuminate/Routing/UrlGenerator.php:536)
[stacktrace]
#0 /home/shouziqi/osa-management/public/osa-final-v1.1/osa-final/backend/vendor/laravel/framework/src/Illuminate/Foundation/helpers.php(870): Illuminate\\Routing\\UrlGenerator->route()
#1 /home/shouziqi/osa-management/public/osa-final-v1.1/osa-final/backend/vendor/laravel/framework/src/Illuminate/Foundation/Configuration/ApplicationBuilder.php(278): route()
#2 [internal function]: Illuminate\\Foundation\\Configuration\\ApplicationBuilder->Illuminate\\Foundation\\Configuration\\{closure}()
#3 /home/shouziqi/osa-management/public/osa-final-v1.1/osa-final/backend/vendor/laravel/framework/src/Illuminate/Auth/Middleware/Authenticate.php(117): call_user_func()
#4 /home/shouziqi/osa-management/public/osa-final-v1.1/osa-final/backend/vendor/laravel/framework/src/Illuminate/Auth/Middleware/Authenticate.php(104): Illuminate\\Auth\\Middleware\\Authenticate->redirectTo()
#5 /home/shouziqi/osa-management/public/osa-final-v1.1/osa-final/backend/vendor/laravel/framework/src/Illuminate/Auth/Middleware/Authenticate.php(87): Illuminate\\Auth\\Middleware\\Authenticate->unauthenticated()
#6 /home/shouziqi/osa-management/public/osa-final-v1.1/osa-final/backend/vendor/laravel/framework/src/Illuminate/Auth/Middleware/Authenticate.php(61): Illuminate\\Auth\\Middleware\\Authenticate->authenticate()
#7 /home/shouziqi/osa-management/public/osa-final-v1.1/osa-final/backend/vendor/laravel/framework/src/Illuminate/Pipeline/Pipeline.php(219): Illuminate\\Auth\\Middleware\\Authenticate->handle()
#8 /home/shouziqi/osa-management/public/osa-final-v1.1/osa-final/backend/vendor/laravel/framework/src/Illuminate/Pipeline/Pipeline.php(137): Illuminate\\Pipeline\\Pipeline->Illuminate\\Pipeline\\{closure}()
#9 /home/shouziqi/osa-management/public/osa-final-v1.1/osa-final/backend/vendor/laravel/framework/src/Illuminate/Routing/Router.php(821): Illuminate\\Pipeline\\Pipeline->then()
#10 /home/shouziqi/osa-management/public/osa-final-v1.1/osa-final/backend/vendor/laravel/framework/src/Illuminate/Routing/Router.php(800): Illuminate\\Routing\\Router->runRouteWithinStack()
#11 /home/shouziqi/osa-management/public/osa-final-v1.1/osa-final/backend/vendor/laravel/framework/src/Illuminate/Routing/Router.php(764): Illuminate\\Routing\\Router->runRoute()
#12 /home/shouziqi/osa-management/public/osa-final-v1.1/osa-final/backend/vendor/laravel/framework/src/Illuminate/Routing/Router.php(753): Illuminate\\Routing\\Router->dispatchToRoute()
#13 /home/shouziqi/osa-management/public/osa-final-v1.1/osa-final/backend/vendor/laravel/framework/src/Illuminate/Foundation/Http/Kernel.php(200): Illuminate\\Routing\\Router->dispatch()
#14 /home/shouziqi/osa-management/public/osa-final-v1.1/osa-final/backend/vendor/laravel/framework/src/Illuminate/Pipeline/Pipeline.php(180): Illuminate\\Foundation\\Http\\Kernel->Illuminate\\Foundation\\Http\\{closure}()
#15 /home/shouziqi/osa-management/public/osa-final-v1.1/osa-final/backend/vendor/laravel/framework/src/Illuminate/Foundation/Http/Middleware/TransformsRequest.php(21): Illuminate\\Pipeline\\Pipeline->Illuminate\\Pipeline\\{closure}()
#16 /home/shouziqi/osa-management/public/osa-final-v1.1/osa-final/backend/vendor/laravel/framework/src/Illuminate/Foundation/Http/Middleware/ConvertEmptyStringsToNull.php(31): Illuminate\\Foundation\\Http\\Middleware\\TransformsRequest->handle()
#17 /home/shouziqi/osa-management/public/osa-final-v1.1/osa-final/backend/vendor/laravel/framework/src/Illuminate/Pipeline/Pipeline.php(219): Illuminate\\Foundation\\Http\\Middleware\\ConvertEmptyStringsToNull->handle()
#18 /home/shouziqi/osa-management/public/osa-final-v1.1/osa-final/backend/vendor/laravel/framework/src/Illuminate/Foundation/Http/Middleware/TransformsRequest.php(21): Illuminate\\Pipeline\\Pipeline->Illuminate\\Pipeline\\{closure}()
#19 /home/shouziqi/osa-management/public/osa-final-v1.1/osa-final/backend/vendor/laravel/framework/src/Illuminate/Foundation/Http/Middleware/TrimStrings.php(51): Illuminate\\Foundation\\Http\\Middleware\\TransformsRequest->handle()
#20 /home/shouziqi/osa-management/public/osa-final-v1.1/osa-final/backend/vendor/laravel/framework/src/Illuminate/Pipeline/Pipeline.php(219): Illuminate\\Foundation\\Http\\Middleware\\TrimStrings->handle()
#21 /home/shouziqi/osa-management/public/osa-final-v1.1/osa-final/backend/vendor/laravel/framework/src/Illuminate/Http/Middleware/ValidatePostSize.php(27): Illuminate\\Pipeline\\Pipeline->Illuminate\\Pipeline\\{closure}()
#22 /home/shouziqi/osa-management/public/osa-final-v1.1/osa-final/backend/vendor/laravel/framework/src/Illuminate/Pipeline/Pipeline.php(219): Illuminate\\Http\\Middleware\\ValidatePostSize->handle()
#23 /home/shouziqi/osa-management/public/osa-final-v1.1/osa-final/backend/vendor/laravel/framework/src/Illuminate/Foundation/Http/Middleware/PreventRequestsDuringMaintenance.php(109): Illuminate\\Pipeline\\Pipeline->Illuminate\\Pipeline\\{closure}()
#24 /home/shouziqi/osa-management/public/osa-final-v1.1/osa-final/backend/vendor/laravel/framework/src/Illuminate/Pipeline/Pipeline.php(219): Illuminate\\Foundation\\Http\\Middleware\\PreventRequestsDuringMaintenance->handle()
#25 /home/shouziqi/osa-management/public/osa-final-v1.1/osa-final/backend/vendor/laravel/framework/src/Illuminate/Http/Middleware/HandleCors.php(74): Illuminate\\Pipeline\\Pipeline->Illuminate\\Pipeline\\{closure}()
#26 /home/shouziqi/osa-management/public/osa-final-v1.1/osa-final/backend/vendor/laravel/framework/src/Illuminate/Pipeline/Pipeline.php(219): Illuminate\\Http\\Middleware\\HandleCors->handle()
#27 /home/shouziqi/osa-management/public/osa-final-v1.1/osa-final/backend/vendor/laravel/framework/src/Illuminate/Http/Middleware/TrustProxies.php(58): Illuminate\\Pipeline\\Pipeline->Illuminate\\Pipeline\\{closure}()
#28 /home/shouziqi/osa-management/public/osa-final-v1.1/osa-final/backend/vendor/laravel/framework/src/Illuminate/Pipeline/Pipeline.php(219): Illuminate\\Http\\Middleware\\TrustProxies->handle()
#29 /home/shouziqi/osa-management/public/osa-final-v1.1/osa-final/backend/vendor/laravel/framework/src/Illuminate/Foundation/Http/Middleware/InvokeDeferredCallbacks.php(22): Illuminate\\Pipeline\\Pipeline->Illuminate\\Pipeline\\{closure}()
#30 /home/shouziqi/osa-management/public/osa-final-v1.1/osa-final/backend/vendor/laravel/framework/src/Illuminate/Pipeline/Pipeline.php(219): Illuminate\\Foundation\\Http\\Middleware\\InvokeDeferredCallbacks->handle()
#31 /home/shouziqi/osa-management/public/osa-final-v1.1/osa-final/backend/vendor/laravel/framework/src/Illuminate/Http/Middleware/ValidatePathEncoding.php(26): Illuminate\\Pipeline\\Pipeline->Illuminate\\Pipeline\\{closure}()
#32 /home/shouziqi/osa-management/public/osa-final-v1.1/osa-final/backend/vendor/laravel/framework/src/Illuminate/Pipeline/Pipeline.php(219): Illuminate\\Http\\Middleware\\ValidatePathEncoding->handle()
#33 /home/shouziqi/osa-management/public/osa-final-v1.1/osa-final/backend/vendor/laravel/framework/src/Illuminate/Pipeline/Pipeline.php(137): Illuminate\\Pipeline\\Pipeline->Illuminate\\Pipeline\\{closure}()
#34 /home/shouziqi/osa-management/public/osa-final-v1.1/osa-final/backend/vendor/laravel/framework/src/Illuminate/Foundation/Http/Kernel.php(175): Illuminate\\Pipeline\\Pipeline->then()
#35 /home/shouziqi/osa-management/public/osa-final-v1.1/osa-final/backend/vendor/laravel/framework/src/Illuminate/Foundation/Http/Kernel.php(144): Illuminate\\Foundation\\Http\\Kernel->sendRequestThroughRouter()
#36 /home/shouziqi/osa-management/public/osa-final-v1.1/osa-final/backend/vendor/laravel/framework/src/Illuminate/Foundation/Application.php(1220): Illuminate\\Foundation\\Http\\Kernel->handle()
#37 /home/shouziqi/osa-management/public/osa-final-v1.1/osa-final/backend/public/index.php(5): Illuminate\\Foundation\\Application->handleRequest()
#38 {main}
"} 
[2026-09-01 23:13:53] production.ERROR: Route [login] not defined. {"exception":"[object] (Symfony\\Component\\Routing\\Exception\\RouteNotFoundException(code: 0): Route [login] not defined. at /home/shouziqi/osa-management/public/osa-final-v1.1/osa-final/backend/vendor/laravel/framework/src/Illuminate/Routing/UrlGenerator.php:536)
[stacktrace]
#0 /home/shouziqi/osa-management/public/osa-final-v1.1/osa-final/backend/vendor/laravel/framework/src/Illuminate/Foundation/helpers.php(870): Illuminate\\Routing\\UrlGenerator->route()
#1 /home/shouziqi/osa-management/public/osa-final-v1.1/osa-final/backend/vendor/laravel/framework/src/Illuminate/Foundation/Configuration/ApplicationBuilder.php(278): route()
#2 [internal function]: Illuminate\\Foundation\\Configuration\\ApplicationBuilder->Illuminate\\Foundation\\Configuration\\{closure}()
#3 /home/shouziqi/osa-management/public/osa-final-v1.1/osa-final/backend/vendor/laravel/framework/src/Illuminate/Auth/Middleware/Authenticate.php(117): call_user_func()
#4 /home/shouziqi/osa-management/public/osa-final-v1.1/osa-final/backend/vendor/laravel/framework/src/Illuminate/Auth/Middleware/Authenticate.php(104): Illuminate\\Auth\\Middleware\\Authenticate->redirectTo()
#5 /home/shouziqi/osa-management/public/osa-final-v1.1/osa-final/backend/vendor/laravel/framework/src/Illuminate/Auth/Middleware/Authenticate.php(87): Illuminate\\Auth\\Middleware\\Authenticate->unauthenticated()
#6 /home/shouziqi/osa-management/public/osa-final-v1.1/osa-final/backend/vendor/laravel/framework/src/Illuminate/Auth/Middleware/Authenticate.php(61): Illuminate\\Auth\\Middleware\\Authenticate->authenticate()
#7 /home/shouziqi/osa-management/public/osa-final-v1.1/osa-final/backend/vendor/laravel/framework/src/Illuminate/Pipeline/Pipeline.php(219): Illuminate\\Auth\\Middleware\\Authenticate->handle()
#8 /home/shouziqi/osa-management/public/osa-final-v1.1/osa-final/backend/vendor/laravel/framework/src/Illuminate/Pipeline/Pipeline.php(137): Illuminate\\Pipeline\\Pipeline->Illuminate\\Pipeline\\{closure}()
#9 /home/shouziqi/osa-management/public/osa-final-v1.1/osa-final/backend/vendor/laravel/framework/src/Illuminate/Routing/Router.php(821): Illuminate\\Pipeline\\Pipeline->then()
#10 /home/shouziqi/osa-management/public/osa-final-v1.1/osa-final/backend/vendor/laravel/framework/src/Illuminate/Routing/Router.php(800): Illuminate\\Routing\\Router->runRouteWithinStack()
#11 /home/shouziqi/osa-management/public/osa-final-v1.1/osa-final/backend/vendor/laravel/framework/src/Illuminate/Routing/Router.php(764): Illuminate\\Routing\\Router->runRoute()
#12 /home/shouziqi/osa-management/public/osa-final-v1.1/osa-final/backend/vendor/laravel/framework/src/Illuminate/Routing/Router.php(753): Illuminate\\Routing\\Router->dispatchToRoute()
#13 /home/shouziqi/osa-management/public/osa-final-v1.1/osa-final/backend/vendor/laravel/framework/src/Illuminate/Foundation/Http/Kernel.php(200): Illuminate\\Routing\\Router->dispatch()
#14 /home/shouziqi/osa-management/public/osa-final-v1.1/osa-final/backend/vendor/laravel/framework/src/Illuminate/Pipeline/Pipeline.php(180): Illuminate\\Foundation\\Http\\Kernel->Illuminate\\Foundation\\Http\\{closure}()
#15 /home/shouziqi/osa-management/public/osa-final-v1.1/osa-final/backend/vendor/laravel/framework/src/Illuminate/Foundation/Http/Middleware/TransformsRequest.php(21): Illuminate\\Pipeline\\Pipeline->Illuminate\\Pipeline\\{closure}()
#16 /home/shouziqi/osa-management/public/osa-final-v1.1/osa-final/backend/vendor/laravel/framework/src/Illuminate/Foundation/Http/Middleware/ConvertEmptyStringsToNull.php(31): Illuminate\\Foundation\\Http\\Middleware\\TransformsRequest->handle()
#17 /home/shouziqi/osa-management/public/osa-final-v1.1/osa-final/backend/vendor/laravel/framework/src/Illuminate/Pipeline/Pipeline.php(219): Illuminate\\Foundation\\Http\\Middleware\\ConvertEmptyStringsToNull->handle()
#18 /home/shouziqi/osa-management/public/osa-final-v1.1/osa-final/backend/vendor/laravel/framework/src/Illuminate/Foundation/Http/Middleware/TransformsRequest.php(21): Illuminate\\Pipeline\\Pipeline->Illuminate\\Pipeline\\{closure}()
#19 /home/shouziqi/osa-management/public/osa-final-v1.1/osa-final/backend/vendor/laravel/framework/src/Illuminate/Foundation/Http/Middleware/TrimStrings.php(51): Illuminate\\Foundation\\Http\\Middleware\\TransformsRequest->handle()
#20 /home/shouziqi/osa-management/public/osa-final-v1.1/osa-final/backend/vendor/laravel/framework/src/Illuminate/Pipeline/Pipeline.php(219): Illuminate\\Foundation\\Http\\Middleware\\TrimStrings->handle()
#21 /home/shouziqi/osa-management/public/osa-final-v1.1/osa-final/backend/vendor/laravel/framework/src/Illuminate/Http/Middleware/ValidatePostSize.php(27): Illuminate\\Pipeline\\Pipeline->Illuminate\\Pipeline\\{closure}()
#22 /home/shouziqi/osa-management/public/osa-final-v1.1/osa-final/backend/vendor/laravel/framework/src/Illuminate/Pipeline/Pipeline.php(219): Illuminate\\Http\\Middleware\\ValidatePostSize->handle()
#23 /home/shouziqi/osa-management/public/osa-final-v1.1/osa-final/backend/vendor/laravel/framework/src/Illuminate/Foundation/Http/Middleware/PreventRequestsDuringMaintenance.php(109): Illuminate\\Pipeline\\Pipeline->Illuminate\\Pipeline\\{closure}()
#24 /home/shouziqi/osa-management/public/osa-final-v1.1/osa-final/backend/vendor/laravel/framework/src/Illuminate/Pipeline/Pipeline.php(219): Illuminate\\Foundation\\Http\\Middleware\\PreventRequestsDuringMaintenance->handle()
#25 /home/shouziqi/osa-management/public/osa-final-v1.1/osa-final/backend/vendor/laravel/framework/src/Illuminate/Http/Middleware/HandleCors.php(74): Illuminate\\Pipeline\\Pipeline->Illuminate\\Pipeline\\{closure}()
#26 /home/shouziqi/osa-management/public/osa-final-v1.1/osa-final/backend/vendor/laravel/framework/src/Illuminate/Pipeline/Pipeline.php(219): Illuminate\\Http\\Middleware\\HandleCors->handle()
#27 /home/shouziqi/osa-management/public/osa-final-v1.1/osa-final/backend/vendor/laravel/framework/src/Illuminate/Http/Middleware/TrustProxies.php(58): Illuminate\\Pipeline\\Pipeline->Illuminate\\Pipeline\\{closure}()
#28 /home/shouziqi/osa-management/public/osa-final-v1.1/osa-final/backend/vendor/laravel/framework/src/Illuminate/Pipeline/Pipeline.php(219): Illuminate\\Http\\Middleware\\TrustProxies->handle()
#29 /home/shouziqi/osa-management/public/osa-final-v1.1/osa-final/backend/vendor/laravel/framework/src/Illuminate/Foundation/Http/Middleware/InvokeDeferredCallbacks.php(22): Illuminate\\Pipeline\\Pipeline->Illuminate\\Pipeline\\{closure}()
#30 /home/shouziqi/osa-management/public/osa-final-v1.1/osa-final/backend/vendor/laravel/framework/src/Illuminate/Pipeline/Pipeline.php(219): Illuminate\\Foundation\\Http\\Middleware\\InvokeDeferredCallbacks->handle()
#31 /home/shouziqi/osa-management/public/osa-final-v1.1/osa-final/backend/vendor/laravel/framework/src/Illuminate/Http/Middleware/ValidatePathEncoding.php(26): Illuminate\\Pipeline\\Pipeline->Illuminate\\Pipeline\\{closure}()
#32 /home/shouziqi/osa-management/public/osa-final-v1.1/osa-final/backend/vendor/laravel/framework/src/Illuminate/Pipeline/Pipeline.php(219): Illuminate\\Http\\Middleware\\ValidatePathEncoding->handle()
#33 /home/shouziqi/osa-management/public/osa-final-v1.1/osa-final/backend/vendor/laravel/framework/src/Illuminate/Pipeline/Pipeline.php(137): Illuminate\\Pipeline\\Pipeline->Illuminate\\Pipeline\\{closure}()
#34 /home/shouziqi/osa-management/public/osa-final-v1.1/osa-final/backend/vendor/laravel/framework/src/Illuminate/Foundation/Http/Kernel.php(175): Illuminate\\Pipeline\\Pipeline->then()
#35 /home/shouziqi/osa-management/public/osa-final-v1.1/osa-final/backend/vendor/laravel/framework/src/Illuminate/Foundation/Http/Kernel.php(144): Illuminate\\Foundation\\Http\\Kernel->sendRequestThroughRouter()
#36 /home/shouziqi/osa-management/public/osa-final-v1.1/osa-final/backend/vendor/laravel/framework/src/Illuminate/Foundation/Application.php(1220): Illuminate\\Foundation\\Http\\Kernel->handle()
#37 /home/shouziqi/osa-management/public/osa-final-v1.1/osa-final/backend/public/index.php(5): Illuminate\\Foundation\\Application->handleRequest()
#38 {main}
"} 
[2026-09-01 23:17:38] production.ERROR: Route [login] not defined. {"exception":"[object] (Symfony\\Component\\Routing\\Exception\\RouteNotFoundException(code: 0): Route [login] not defined. at /home/shouziqi/osa-management/public/osa-final-v1.1/osa-final/backend/vendor/laravel/framework/src/Illuminate/Routing/UrlGenerator.php:536)
[stacktrace]
#0 /home/shouziqi/osa-management/public/osa-final-v1.1/osa-final/backend/vendor/laravel/framework/src/Illuminate/Foundation/helpers.php(870): Illuminate\\Routing\\UrlGenerator->route()
#1 /home/shouziqi/osa-management/public/osa-final-v1.1/osa-final/backend/vendor/laravel/framework/src/Illuminate/Foundation/Configuration/ApplicationBuilder.php(278): route()
#2 [internal function]: Illuminate\\Foundation\\Configuration\\ApplicationBuilder->Illuminate\\Foundation\\Configuration\\{closure}()
#3 /home/shouziqi/osa-management/public/osa-final-v1.1/osa-final/backend/vendor/laravel/framework/src/Illuminate/Auth/Middleware/Authenticate.php(117): call_user_func()
#4 /home/shouziqi/osa-management/public/osa-final-v1.1/osa-final/backend/vendor/laravel/framework/src/Illuminate/Auth/Middleware/Authenticate.php(104): Illuminate\\Auth\\Middleware\\Authenticate->redirectTo()
#5 /home/shouziqi/osa-management/public/osa-final-v1.1/osa-final/backend/vendor/laravel/framework/src/Illuminate/Auth/Middleware/Authenticate.php(87): Illuminate\\Auth\\Middleware\\Authenticate->unauthenticated()
#6 /home/shouziqi/osa-management/public/osa-final-v1.1/osa-final/backend/vendor/laravel/framework/src/Illuminate/Auth/Middleware/Authenticate.php(61): Illuminate\\Auth\\Middleware\\Authenticate->authenticate()
#7 /home/shouziqi/osa-management/public/osa-final-v1.1/osa-final/backend/vendor/laravel/framework/src/Illuminate/Pipeline/Pipeline.php(219): Illuminate\\Auth\\Middleware\\Authenticate->handle()
#8 /home/shouziqi/osa-management/public/osa-final-v1.1/osa-final/backend/vendor/laravel/framework/src/Illuminate/Pipeline/Pipeline.php(137): Illuminate\\Pipeline\\Pipeline->Illuminate\\Pipeline\\{closure}()
#9 /home/shouziqi/osa-management/public/osa-final-v1.1/osa-final/backend/vendor/laravel/framework/src/Illuminate/Routing/Router.php(821): Illuminate\\Pipeline\\Pipeline->then()
#10 /home/shouziqi/osa-management/public/osa-final-v1.1/osa-final/backend/vendor/laravel/framework/src/Illuminate/Routing/Router.php(800): Illuminate\\Routing\\Router->runRouteWithinStack()
#11 /home/shouziqi/osa-management/public/osa-final-v1.1/osa-final/backend/vendor/laravel/framework/src/Illuminate/Routing/Router.php(764): Illuminate\\Routing\\Router->runRoute()
#12 /home/shouziqi/osa-management/public/osa-final-v1.1/osa-final/backend/vendor/laravel/framework/src/Illuminate/Routing/Router.php(753): Illuminate\\Routing\\Router->dispatchToRoute()
#13 /home/shouziqi/osa-management/public/osa-final-v1.1/osa-final/backend/vendor/laravel/framework/src/Illuminate/Foundation/Http/Kernel.php(200): Illuminate\\Routing\\Router->dispatch()
#14 /home/shouziqi/osa-management/public/osa-final-v1.1/osa-final/backend/vendor/laravel/framework/src/Illuminate/Pipeline/Pipeline.php(180): Illuminate\\Foundation\\Http\\Kernel->Illuminate\\Foundation\\Http\\{closure}()
#15 /home/shouziqi/osa-management/public/osa-final-v1.1/osa-final/backend/vendor/laravel/framework/src/Illuminate/Foundation/Http/Middleware/TransformsRequest.php(21): Illuminate\\Pipeline\\Pipeline->Illuminate\\Pipeline\\{closure}()
#16 /home/shouziqi/osa-management/public/osa-final-v1.1/osa-final/backend/vendor/laravel/framework/src/Illuminate/Foundation/Http/Middleware/ConvertEmptyStringsToNull.php(31): Illuminate\\Foundation\\Http\\Middleware\\TransformsRequest->handle()
#17 /home/shouziqi/osa-management/public/osa-final-v1.1/osa-final/backend/vendor/laravel/framework/src/Illuminate/Pipeline/Pipeline.php(219): Illuminate\\Foundation\\Http\\Middleware\\ConvertEmptyStringsToNull->handle()
#18 /home/shouziqi/osa-management/public/osa-final-v1.1/osa-final/backend/vendor/laravel/framework/src/Illuminate/Foundation/Http/Middleware/TransformsRequest.php(21): Illuminate\\Pipeline\\Pipeline->Illuminate\\Pipeline\\{closure}()
#19 /home/shouziqi/osa-management/public/osa-final-v1.1/osa-final/backend/vendor/laravel/framework/src/Illuminate/Foundation/Http/Middleware/TrimStrings.php(51): Illuminate\\Foundation\\Http\\Middleware\\TransformsRequest->handle()
#20 /home/shouziqi/osa-management/public/osa-final-v1.1/osa-final/backend/vendor/laravel/framework/src/Illuminate/Pipeline/Pipeline.php(219): Illuminate\\Foundation\\Http\\Middleware\\TrimStrings->handle()
#21 /home/shouziqi/osa-management/public/osa-final-v1.1/osa-final/backend/vendor/laravel/framework/src/Illuminate/Http/Middleware/ValidatePostSize.php(27): Illuminate\\Pipeline\\Pipeline->Illuminate\\Pipeline\\{closure}()
#22 /home/shouziqi/osa-management/public/osa-final-v1.1/osa-final/backend/vendor/laravel/framework/src/Illuminate/Pipeline/Pipeline.php(219): Illuminate\\Http\\Middleware\\ValidatePostSize->handle()
#23 /home/shouziqi/osa-management/public/osa-final-v1.1/osa-final/backend/vendor/laravel/framework/src/Illuminate/Foundation/Http/Middleware/PreventRequestsDuringMaintenance.php(109): Illuminate\\Pipeline\\Pipeline->Illuminate\\Pipeline\\{closure}()
#24 /home/shouziqi/osa-management/public/osa-final-v1.1/osa-final/backend/vendor/laravel/framework/src/Illuminate/Pipeline/Pipeline.php(219): Illuminate\\Foundation\\Http\\Middleware\\PreventRequestsDuringMaintenance->handle()
#25 /home/shouziqi/osa-management/public/osa-final-v1.1/osa-final/backend/vendor/laravel/framework/src/Illuminate/Http/Middleware/HandleCors.php(74): Illuminate\\Pipeline\\Pipeline->Illuminate\\Pipeline\\{closure}()
#26 /home/shouziqi/osa-management/public/osa-final-v1.1/osa-final/backend/vendor/laravel/framework/src/Illuminate/Pipeline/Pipeline.php(219): Illuminate\\Http\\Middleware\\HandleCors->handle()
#27 /home/shouziqi/osa-management/public/osa-final-v1.1/osa-final/backend/vendor/laravel/framework/src/Illuminate/Http/Middleware/TrustProxies.php(58): Illuminate\\Pipeline\\Pipeline->Illuminate\\Pipeline\\{closure}()
#28 /home/shouziqi/osa-management/public/osa-final-v1.1/osa-final/backend/vendor/laravel/framework/src/Illuminate/Pipeline/Pipeline.php(219): Illuminate\\Http\\Middleware\\TrustProxies->handle()
#29 /home/shouziqi/osa-management/public/osa-final-v1.1/osa-final/backend/vendor/laravel/framework/src/Illuminate/Foundation/Http/Middleware/InvokeDeferredCallbacks.php(22): Illuminate\\Pipeline\\Pipeline->Illuminate\\Pipeline\\{closure}()
#30 /home/shouziqi/osa-management/public/osa-final-v1.1/osa-final/backend/vendor/laravel/framework/src/Illuminate/Pipeline/Pipeline.php(219): Illuminate\\Foundation\\Http\\Middleware\\InvokeDeferredCallbacks->handle()
#31 /home/shouziqi/osa-management/public/osa-final-v1.1/osa-final/backend/vendor/laravel/framework/src/Illuminate/Http/Middleware/ValidatePathEncoding.php(26): Illuminate\\Pipeline\\Pipeline->Illuminate\\Pipeline\\{closure}()
#32 /home/shouziqi/osa-management/public/osa-final-v1.1/osa-final/backend/vendor/laravel/framework/src/Illuminate/Pipeline/Pipeline.php(219): Illuminate\\Http\\Middleware\\ValidatePathEncoding->handle()
#33 /home/shouziqi/osa-management/public/osa-final-v1.1/osa-final/backend/vendor/laravel/framework/src/Illuminate/Pipeline/Pipeline.php(137): Illuminate\\Pipeline\\Pipeline->Illuminate\\Pipeline\\{closure}()
#34 /home/shouziqi/osa-management/public/osa-final-v1.1/osa-final/backend/vendor/laravel/framework/src/Illuminate/Foundation/Http/Kernel.php(175): Illuminate\\Pipeline\\Pipeline->then()
#35 /home/shouziqi/osa-management/public/osa-final-v1.1/osa-final/backend/vendor/laravel/framework/src/Illuminate/Foundation/Http/Kernel.php(144): Illuminate\\Foundation\\Http\\Kernel->sendRequestThroughRouter()
#36 /home/shouziqi/osa-management/public/osa-final-v1.1/osa-final/backend/vendor/laravel/framework/src/Illuminate/Foundation/Application.php(1220): Illuminate\\Foundation\\Http\\Kernel->handle()
#37 /home/shouziqi/osa-management/public/osa-final-v1.1/osa-final/backend/public/index.php(5): Illuminate\\Foundation\\Application->handleRequest()
#38 {main}
"} 
[2026-09-02 00:26:47] production.ERROR: There are no commands defined in the "osa" namespace. {"exception":"[object] (Symfony\\Component\\Console\\Exception\\NamespaceNotFoundException(code: 0): There are no commands defined in the \"osa\" namespace. at /home/shouziqi/osa-management/public/osa-final-v1.1/osa-final/backend/vendor/symfony/console/Application.php:694)
[stacktrace]
#0 /home/shouziqi/osa-management/public/osa-final-v1.1/osa-final/backend/vendor/symfony/console/Application.php(743): Symfony\\Component\\Console\\Application->findNamespace()
#1 /home/shouziqi/osa-management/public/osa-final-v1.1/osa-final/backend/vendor/symfony/console/Application.php(298): Symfony\\Component\\Console\\Application->find()
#2 /home/shouziqi/osa-management/public/osa-final-v1.1/osa-final/backend/vendor/symfony/console/Application.php(195): Symfony\\Component\\Console\\Application->doRun()
#3 /home/shouziqi/osa-management/public/osa-final-v1.1/osa-final/backend/vendor/laravel/framework/src/Illuminate/Foundation/Console/Kernel.php(198): Symfony\\Component\\Console\\Application->run()
#4 /home/shouziqi/osa-management/public/osa-final-v1.1/osa-final/backend/vendor/laravel/framework/src/Illuminate/Foundation/Application.php(1235): Illuminate\\Foundation\\Console\\Kernel->handle()
#5 /home/shouziqi/osa-management/public/osa-final-v1.1/osa-final/backend/artisan(5): Illuminate\\Foundation\\Application->handleCommand()
#6 {main}
"} 
